--
-- PostgreSQL database dump
--

\restrict zk4mG7nWo5EOmcUBb7GFE3kJwrfAeeMPAIaGnMaTQUt5iXnEteT4XVpTGH2TkK0

-- Dumped from database version 17.9 (Debian 17.9-1.pgdg13+1)
-- Dumped by pg_dump version 17.9 (Debian 17.9-1.pgdg13+1)

SET statement_timeout = 0;
SET lock_timeout = 0;
SET idle_in_transaction_session_timeout = 0;
SET transaction_timeout = 0;
SET client_encoding = 'UTF8';
SET standard_conforming_strings = on;
SELECT pg_catalog.set_config('search_path', '', false);
SET check_function_bodies = false;
SET xmloption = content;
SET client_min_messages = warning;
SET row_security = off;

SET default_tablespace = '';

SET default_table_access_method = heap;

--
-- Name: auth_group; Type: TABLE; Schema: public; Owner: root
--

CREATE TABLE public.auth_group (
    id integer NOT NULL,
    name character varying(150) NOT NULL
);


ALTER TABLE public.auth_group OWNER TO root;

--
-- Name: auth_group_id_seq; Type: SEQUENCE; Schema: public; Owner: root
--

ALTER TABLE public.auth_group ALTER COLUMN id ADD GENERATED BY DEFAULT AS IDENTITY (
    SEQUENCE NAME public.auth_group_id_seq
    START WITH 1
    INCREMENT BY 1
    NO MINVALUE
    NO MAXVALUE
    CACHE 1
);


--
-- Name: auth_group_permissions; Type: TABLE; Schema: public; Owner: root
--

CREATE TABLE public.auth_group_permissions (
    id bigint NOT NULL,
    group_id integer NOT NULL,
    permission_id integer NOT NULL
);


ALTER TABLE public.auth_group_permissions OWNER TO root;

--
-- Name: auth_group_permissions_id_seq; Type: SEQUENCE; Schema: public; Owner: root
--

ALTER TABLE public.auth_group_permissions ALTER COLUMN id ADD GENERATED BY DEFAULT AS IDENTITY (
    SEQUENCE NAME public.auth_group_permissions_id_seq
    START WITH 1
    INCREMENT BY 1
    NO MINVALUE
    NO MAXVALUE
    CACHE 1
);


--
-- Name: auth_permission; Type: TABLE; Schema: public; Owner: root
--

CREATE TABLE public.auth_permission (
    id integer NOT NULL,
    name character varying(255) NOT NULL,
    content_type_id integer NOT NULL,
    codename character varying(100) NOT NULL
);


ALTER TABLE public.auth_permission OWNER TO root;

--
-- Name: auth_permission_id_seq; Type: SEQUENCE; Schema: public; Owner: root
--

ALTER TABLE public.auth_permission ALTER COLUMN id ADD GENERATED BY DEFAULT AS IDENTITY (
    SEQUENCE NAME public.auth_permission_id_seq
    START WITH 1
    INCREMENT BY 1
    NO MINVALUE
    NO MAXVALUE
    CACHE 1
);


--
-- Name: borrowing_booklicense; Type: TABLE; Schema: public; Owner: root
--

CREATE TABLE public.borrowing_booklicense (
    id bigint NOT NULL,
    isbn character varying(20) NOT NULL,
    total_digital_licenses integer NOT NULL,
    digital_licenses_left integer NOT NULL,
    updated_at timestamp with time zone NOT NULL
);


ALTER TABLE public.borrowing_booklicense OWNER TO root;

--
-- Name: borrowing_booklicense_id_seq; Type: SEQUENCE; Schema: public; Owner: root
--

ALTER TABLE public.borrowing_booklicense ALTER COLUMN id ADD GENERATED BY DEFAULT AS IDENTITY (
    SEQUENCE NAME public.borrowing_booklicense_id_seq
    START WITH 1
    INCREMENT BY 1
    NO MINVALUE
    NO MAXVALUE
    CACHE 1
);


--
-- Name: borrowing_borrowedbooks; Type: TABLE; Schema: public; Owner: root
--

CREATE TABLE public.borrowing_borrowedbooks (
    id bigint NOT NULL,
    status character varying(20) NOT NULL,
    borrowed_at timestamp with time zone NOT NULL,
    due_date timestamp with time zone NOT NULL,
    returned_at timestamp with time zone,
    book_license_id character varying(20) NOT NULL,
    user_id bigint NOT NULL
);


ALTER TABLE public.borrowing_borrowedbooks OWNER TO root;

--
-- Name: borrowing_borrowedbooks_id_seq; Type: SEQUENCE; Schema: public; Owner: root
--

ALTER TABLE public.borrowing_borrowedbooks ALTER COLUMN id ADD GENERATED BY DEFAULT AS IDENTITY (
    SEQUENCE NAME public.borrowing_borrowedbooks_id_seq
    START WITH 1
    INCREMENT BY 1
    NO MINVALUE
    NO MAXVALUE
    CACHE 1
);


--
-- Name: borrowing_favoritebook; Type: TABLE; Schema: public; Owner: root
--

CREATE TABLE public.borrowing_favoritebook (
    id bigint NOT NULL,
    isbn character varying(20) NOT NULL,
    added_at timestamp with time zone NOT NULL,
    user_id bigint NOT NULL
);


ALTER TABLE public.borrowing_favoritebook OWNER TO root;

--
-- Name: borrowing_favoritebook_id_seq; Type: SEQUENCE; Schema: public; Owner: root
--

ALTER TABLE public.borrowing_favoritebook ALTER COLUMN id ADD GENERATED BY DEFAULT AS IDENTITY (
    SEQUENCE NAME public.borrowing_favoritebook_id_seq
    START WITH 1
    INCREMENT BY 1
    NO MINVALUE
    NO MAXVALUE
    CACHE 1
);


--
-- Name: django_content_type; Type: TABLE; Schema: public; Owner: root
--

CREATE TABLE public.django_content_type (
    id integer NOT NULL,
    app_label character varying(100) NOT NULL,
    model character varying(100) NOT NULL
);


ALTER TABLE public.django_content_type OWNER TO root;

--
-- Name: django_content_type_id_seq; Type: SEQUENCE; Schema: public; Owner: root
--

ALTER TABLE public.django_content_type ALTER COLUMN id ADD GENERATED BY DEFAULT AS IDENTITY (
    SEQUENCE NAME public.django_content_type_id_seq
    START WITH 1
    INCREMENT BY 1
    NO MINVALUE
    NO MAXVALUE
    CACHE 1
);


--
-- Name: django_migrations; Type: TABLE; Schema: public; Owner: root
--

CREATE TABLE public.django_migrations (
    id bigint NOT NULL,
    app character varying(255) NOT NULL,
    name character varying(255) NOT NULL,
    applied timestamp with time zone NOT NULL
);


ALTER TABLE public.django_migrations OWNER TO root;

--
-- Name: django_migrations_id_seq; Type: SEQUENCE; Schema: public; Owner: root
--

ALTER TABLE public.django_migrations ALTER COLUMN id ADD GENERATED BY DEFAULT AS IDENTITY (
    SEQUENCE NAME public.django_migrations_id_seq
    START WITH 1
    INCREMENT BY 1
    NO MINVALUE
    NO MAXVALUE
    CACHE 1
);


--
-- Name: django_session; Type: TABLE; Schema: public; Owner: root
--

CREATE TABLE public.django_session (
    session_key character varying(40) NOT NULL,
    session_data text NOT NULL,
    expire_date timestamp with time zone NOT NULL
);


ALTER TABLE public.django_session OWNER TO root;

--
-- Name: token_blacklist_blacklistedtoken; Type: TABLE; Schema: public; Owner: root
--

CREATE TABLE public.token_blacklist_blacklistedtoken (
    id bigint NOT NULL,
    blacklisted_at timestamp with time zone NOT NULL,
    token_id bigint NOT NULL
);


ALTER TABLE public.token_blacklist_blacklistedtoken OWNER TO root;

--
-- Name: token_blacklist_blacklistedtoken_id_seq; Type: SEQUENCE; Schema: public; Owner: root
--

ALTER TABLE public.token_blacklist_blacklistedtoken ALTER COLUMN id ADD GENERATED BY DEFAULT AS IDENTITY (
    SEQUENCE NAME public.token_blacklist_blacklistedtoken_id_seq
    START WITH 1
    INCREMENT BY 1
    NO MINVALUE
    NO MAXVALUE
    CACHE 1
);


--
-- Name: token_blacklist_outstandingtoken; Type: TABLE; Schema: public; Owner: root
--

CREATE TABLE public.token_blacklist_outstandingtoken (
    id bigint NOT NULL,
    token text NOT NULL,
    created_at timestamp with time zone,
    expires_at timestamp with time zone NOT NULL,
    user_id bigint,
    jti character varying(255) NOT NULL
);


ALTER TABLE public.token_blacklist_outstandingtoken OWNER TO root;

--
-- Name: token_blacklist_outstandingtoken_id_seq; Type: SEQUENCE; Schema: public; Owner: root
--

ALTER TABLE public.token_blacklist_outstandingtoken ALTER COLUMN id ADD GENERATED BY DEFAULT AS IDENTITY (
    SEQUENCE NAME public.token_blacklist_outstandingtoken_id_seq
    START WITH 1
    INCREMENT BY 1
    NO MINVALUE
    NO MAXVALUE
    CACHE 1
);


--
-- Name: users_profilepicture; Type: TABLE; Schema: public; Owner: root
--

CREATE TABLE public.users_profilepicture (
    id bigint NOT NULL,
    image_uri character varying(200) NOT NULL,
    user_id bigint NOT NULL
);


ALTER TABLE public.users_profilepicture OWNER TO root;

--
-- Name: users_profilepicture_id_seq; Type: SEQUENCE; Schema: public; Owner: root
--

ALTER TABLE public.users_profilepicture ALTER COLUMN id ADD GENERATED BY DEFAULT AS IDENTITY (
    SEQUENCE NAME public.users_profilepicture_id_seq
    START WITH 1
    INCREMENT BY 1
    NO MINVALUE
    NO MAXVALUE
    CACHE 1
);


--
-- Name: users_user; Type: TABLE; Schema: public; Owner: root
--

CREATE TABLE public.users_user (
    id bigint NOT NULL,
    password character varying(128) NOT NULL,
    last_login timestamp with time zone,
    is_superuser boolean NOT NULL,
    first_name character varying(150) NOT NULL,
    last_name character varying(150) NOT NULL,
    is_staff boolean NOT NULL,
    date_joined timestamp with time zone NOT NULL,
    email character varying(254) NOT NULL,
    role character varying NOT NULL,
    is_active boolean NOT NULL
);


ALTER TABLE public.users_user OWNER TO root;

--
-- Name: users_user_groups; Type: TABLE; Schema: public; Owner: root
--

CREATE TABLE public.users_user_groups (
    id bigint NOT NULL,
    user_id bigint NOT NULL,
    group_id integer NOT NULL
);


ALTER TABLE public.users_user_groups OWNER TO root;

--
-- Name: users_user_groups_id_seq; Type: SEQUENCE; Schema: public; Owner: root
--

ALTER TABLE public.users_user_groups ALTER COLUMN id ADD GENERATED BY DEFAULT AS IDENTITY (
    SEQUENCE NAME public.users_user_groups_id_seq
    START WITH 1
    INCREMENT BY 1
    NO MINVALUE
    NO MAXVALUE
    CACHE 1
);


--
-- Name: users_user_id_seq; Type: SEQUENCE; Schema: public; Owner: root
--

ALTER TABLE public.users_user ALTER COLUMN id ADD GENERATED BY DEFAULT AS IDENTITY (
    SEQUENCE NAME public.users_user_id_seq
    START WITH 1
    INCREMENT BY 1
    NO MINVALUE
    NO MAXVALUE
    CACHE 1
);


--
-- Name: users_user_user_permissions; Type: TABLE; Schema: public; Owner: root
--

CREATE TABLE public.users_user_user_permissions (
    id bigint NOT NULL,
    user_id bigint NOT NULL,
    permission_id integer NOT NULL
);


ALTER TABLE public.users_user_user_permissions OWNER TO root;

--
-- Name: users_user_user_permissions_id_seq; Type: SEQUENCE; Schema: public; Owner: root
--

ALTER TABLE public.users_user_user_permissions ALTER COLUMN id ADD GENERATED BY DEFAULT AS IDENTITY (
    SEQUENCE NAME public.users_user_user_permissions_id_seq
    START WITH 1
    INCREMENT BY 1
    NO MINVALUE
    NO MAXVALUE
    CACHE 1
);


--
-- Data for Name: auth_group; Type: TABLE DATA; Schema: public; Owner: root
--

COPY public.auth_group (id, name) FROM stdin;
\.


--
-- Data for Name: auth_group_permissions; Type: TABLE DATA; Schema: public; Owner: root
--

COPY public.auth_group_permissions (id, group_id, permission_id) FROM stdin;
\.


--
-- Data for Name: auth_permission; Type: TABLE DATA; Schema: public; Owner: root
--

COPY public.auth_permission (id, name, content_type_id, codename) FROM stdin;
1	Can add permission	2	add_permission
2	Can change permission	2	change_permission
3	Can delete permission	2	delete_permission
4	Can view permission	2	view_permission
5	Can add group	1	add_group
6	Can change group	1	change_group
7	Can delete group	1	delete_group
8	Can view group	1	view_group
9	Can add content type	3	add_contenttype
10	Can change content type	3	change_contenttype
11	Can delete content type	3	delete_contenttype
12	Can view content type	3	view_contenttype
13	Can add session	4	add_session
14	Can change session	4	change_session
15	Can delete session	4	delete_session
16	Can view session	4	view_session
17	Can add user	6	add_user
18	Can change user	6	change_user
19	Can delete user	6	delete_user
20	Can view user	6	view_user
21	Can add profile picture	5	add_profilepicture
22	Can change profile picture	5	change_profilepicture
23	Can delete profile picture	5	delete_profilepicture
24	Can view profile picture	5	view_profilepicture
25	Can add book	7	add_book
26	Can change book	7	change_book
27	Can delete book	7	delete_book
28	Can view book	7	view_book
29	Can add Blacklisted Token	8	add_blacklistedtoken
30	Can change Blacklisted Token	8	change_blacklistedtoken
31	Can delete Blacklisted Token	8	delete_blacklistedtoken
32	Can view Blacklisted Token	8	view_blacklistedtoken
33	Can add Outstanding Token	9	add_outstandingtoken
34	Can change Outstanding Token	9	change_outstandingtoken
35	Can delete Outstanding Token	9	delete_outstandingtoken
36	Can view Outstanding Token	9	view_outstandingtoken
37	Can add borrowed books	11	add_borrowedbooks
38	Can change borrowed books	11	change_borrowedbooks
39	Can delete borrowed books	11	delete_borrowedbooks
40	Can view borrowed books	11	view_borrowedbooks
41	Can add favorite book	12	add_favoritebook
42	Can change favorite book	12	change_favoritebook
43	Can delete favorite book	12	delete_favoritebook
44	Can view favorite book	12	view_favoritebook
45	Can add book license	10	add_booklicense
46	Can change book license	10	change_booklicense
47	Can delete book license	10	delete_booklicense
48	Can view book license	10	view_booklicense
\.


--
-- Data for Name: borrowing_booklicense; Type: TABLE DATA; Schema: public; Owner: root
--

COPY public.borrowing_booklicense (id, isbn, total_digital_licenses, digital_licenses_left, updated_at) FROM stdin;
1	70x4y1IPzEoC	10	10	2026-03-12 04:51:21.810807+00
2	FqU93uMPivMC	1	1	2026-03-12 05:53:42.621612+00
3	24T4BrZ0uR8C	1	1	2026-03-12 16:35:46.973917+00
4	-vc8AAAACAAJ	1	1	2026-03-12 16:36:44.268127+00
5	BphYDgAAQBAJ	10	10	2026-03-12 16:49:33.676524+00
6	pnOREAAAQBAJ	1	1	2026-03-12 16:53:11.310901+00
7	Z1xXAAAAYAAJ	1	1	2026-03-12 16:54:48.537929+00
8	90x4y1IPzEoC	1	1	2026-03-12 16:56:12.07358+00
9	noHwk088t8wC	25	25	2026-03-12 21:22:09.754446+00
10	xzJjBgAAQBAJ	13	13	2026-03-13 01:00:01.496954+00
11	buM5rlZME-cC	14	14	2026-03-13 01:26:03.617014+00
12	WAaMpUaU9fICdf	1	1	2026-03-13 01:31:39.540411+00
\.


--
-- Data for Name: borrowing_borrowedbooks; Type: TABLE DATA; Schema: public; Owner: root
--

COPY public.borrowing_borrowedbooks (id, status, borrowed_at, due_date, returned_at, book_license_id, user_id) FROM stdin;
\.


--
-- Data for Name: borrowing_favoritebook; Type: TABLE DATA; Schema: public; Owner: root
--

COPY public.borrowing_favoritebook (id, isbn, added_at, user_id) FROM stdin;
\.


--
-- Data for Name: django_content_type; Type: TABLE DATA; Schema: public; Owner: root
--

COPY public.django_content_type (id, app_label, model) FROM stdin;
1	auth	group
2	auth	permission
3	contenttypes	contenttype
4	sessions	session
5	users	profilepicture
6	users	user
7	catalog	book
8	token_blacklist	blacklistedtoken
9	token_blacklist	outstandingtoken
10	borrowing	booklicense
11	borrowing	borrowedbooks
12	borrowing	favoritebook
\.


--
-- Data for Name: django_migrations; Type: TABLE DATA; Schema: public; Owner: root
--

COPY public.django_migrations (id, app, name, applied) FROM stdin;
1	contenttypes	0001_initial	2026-03-11 19:36:00.294611+00
2	contenttypes	0002_remove_content_type_name	2026-03-11 19:36:00.314413+00
3	auth	0001_initial	2026-03-11 19:36:00.379843+00
4	auth	0002_alter_permission_name_max_length	2026-03-11 19:36:00.39042+00
5	auth	0003_alter_user_email_max_length	2026-03-11 19:36:00.40291+00
6	auth	0004_alter_user_username_opts	2026-03-11 19:36:00.417536+00
7	auth	0005_alter_user_last_login_null	2026-03-11 19:36:00.430266+00
8	auth	0006_require_contenttypes_0002	2026-03-11 19:36:00.435711+00
9	auth	0007_alter_validators_add_error_messages	2026-03-11 19:36:00.449556+00
10	auth	0008_alter_user_username_max_length	2026-03-11 19:36:00.461536+00
11	auth	0009_alter_user_last_name_max_length	2026-03-11 19:36:00.475853+00
12	auth	0010_alter_group_name_max_length	2026-03-11 19:36:00.493393+00
13	auth	0011_update_proxy_permissions	2026-03-11 19:36:00.504295+00
14	auth	0012_alter_user_first_name_max_length	2026-03-11 19:36:00.517468+00
15	catalog	0001_initial	2026-03-11 19:36:00.525863+00
16	sessions	0001_initial	2026-03-11 19:36:00.54678+00
17	users	0001_initial	2026-03-11 19:36:00.612755+00
18	token_blacklist	0001_initial	2026-03-11 19:36:00.66143+00
19	token_blacklist	0002_outstandingtoken_jti_hex	2026-03-11 19:36:00.679588+00
20	token_blacklist	0003_auto_20171017_2007	2026-03-11 19:36:00.705025+00
21	token_blacklist	0004_auto_20171017_2013	2026-03-11 19:36:00.729987+00
22	token_blacklist	0005_remove_outstandingtoken_jti	2026-03-11 19:36:00.748197+00
23	token_blacklist	0006_auto_20171017_2113	2026-03-11 19:36:00.770368+00
24	token_blacklist	0007_auto_20171017_2214	2026-03-11 19:36:00.823429+00
25	token_blacklist	0008_migrate_to_bigautofield	2026-03-11 19:36:00.892728+00
26	token_blacklist	0010_fix_migrate_to_bigautofield	2026-03-11 19:36:00.919094+00
27	token_blacklist	0011_linearizes_history	2026-03-11 19:36:00.924693+00
28	token_blacklist	0012_alter_outstandingtoken_user	2026-03-11 19:36:00.944568+00
29	token_blacklist	0013_alter_blacklistedtoken_options_and_more	2026-03-11 19:36:00.967658+00
30	borrowing	0001_initial	2026-03-11 21:03:29.330875+00
\.


--
-- Data for Name: django_session; Type: TABLE DATA; Schema: public; Owner: root
--

COPY public.django_session (session_key, session_data, expire_date) FROM stdin;
\.


--
-- Data for Name: token_blacklist_blacklistedtoken; Type: TABLE DATA; Schema: public; Owner: root
--

COPY public.token_blacklist_blacklistedtoken (id, blacklisted_at, token_id) FROM stdin;
1	2026-03-12 04:50:09.245648+00	1
2	2026-03-12 04:51:21.589662+00	2
3	2026-03-12 05:07:19.697381+00	3
5	2026-03-12 05:08:34.870515+00	5
8	2026-03-12 05:27:54.366763+00	7
9	2026-03-12 05:30:07.703895+00	9
11	2026-03-12 05:31:10.504515+00	11
12	2026-03-12 05:34:45.326412+00	13
14	2026-03-12 05:35:53.120464+00	15
15	2026-03-12 05:53:23.141831+00	17
16	2026-03-12 05:55:50.442624+00	18
17	2026-03-12 15:02:10.893528+00	20
18	2026-03-12 15:05:42.480218+00	21
20	2026-03-12 15:15:21.565311+00	23
21	2026-03-12 15:16:36.82928+00	25
23	2026-03-12 15:17:38.329296+00	27
25	2026-03-12 15:19:32.922981+00	29
26	2026-03-12 15:21:01.064369+00	31
28	2026-03-12 15:34:54.176779+00	33
29	2026-03-12 15:39:29.077077+00	35
30	2026-03-12 15:43:26.681236+00	36
31	2026-03-12 15:57:00.246951+00	37
32	2026-03-12 15:59:09.416888+00	38
33	2026-03-12 16:00:18.94019+00	39
34	2026-03-12 16:07:45.277213+00	40
35	2026-03-12 16:08:52.459758+00	41
36	2026-03-12 16:22:42.018922+00	42
38	2026-03-12 16:26:11.598865+00	44
39	2026-03-12 16:27:19.605809+00	45
40	2026-03-12 16:33:07.360244+00	46
42	2026-03-12 16:34:28.239417+00	48
43	2026-03-12 16:35:37.769617+00	49
44	2026-03-12 16:36:44.149715+00	50
45	2026-03-12 16:39:09.25859+00	51
46	2026-03-12 16:49:53.942221+00	53
47	2026-03-12 16:51:46.304648+00	54
48	2026-03-12 16:53:02.626766+00	55
49	2026-03-12 16:54:36.868926+00	56
50	2026-03-12 16:55:36.882836+00	57
51	2026-03-12 16:58:27.582702+00	59
52	2026-03-12 17:02:37.19662+00	61
54	2026-03-12 17:05:37.333945+00	63
55	2026-03-12 17:11:56.782146+00	65
56	2026-03-12 18:30:18.095656+00	67
58	2026-03-12 18:33:47.262716+00	69
59	2026-03-12 18:35:20.029005+00	71
60	2026-03-12 18:37:04.089066+00	73
61	2026-03-12 18:39:53.494342+00	75
62	2026-03-12 18:45:09.831314+00	76
63	2026-03-12 18:46:51.037749+00	78
65	2026-03-12 18:50:26.283518+00	80
66	2026-03-12 19:01:23.849977+00	82
67	2026-03-12 19:03:44.139606+00	83
68	2026-03-12 19:05:15.982334+00	85
69	2026-03-12 19:16:19.197291+00	87
71	2026-03-12 19:44:23.499842+00	90
73	2026-03-12 19:49:41.080042+00	92
75	2026-03-12 19:52:39.756841+00	94
77	2026-03-12 19:54:44.672804+00	95
78	2026-03-12 20:05:25.909809+00	98
80	2026-03-12 20:06:59.740188+00	100
81	2026-03-12 20:15:55.441104+00	102
83	2026-03-12 20:16:55.821563+00	104
85	2026-03-12 20:27:42.518792+00	106
87	2026-03-12 20:29:10.539273+00	108
89	2026-03-12 20:30:20.891951+00	110
90	2026-03-12 20:33:13.392273+00	112
92	2026-03-12 20:34:37.725666+00	114
94	2026-03-12 20:36:03.770386+00	116
96	2026-03-12 20:39:32.257567+00	118
98	2026-03-12 20:40:41.398376+00	120
99	2026-03-12 20:50:07.350225+00	122
101	2026-03-12 20:51:11.416987+00	124
103	2026-03-12 20:52:28.438364+00	126
105	2026-03-12 20:54:34.482251+00	128
107	2026-03-12 20:56:46.930281+00	130
109	2026-03-12 21:00:29.820596+00	132
111	2026-03-12 21:02:06.54188+00	134
113	2026-03-12 21:04:04.231765+00	136
115	2026-03-12 21:06:15.013642+00	138
117	2026-03-12 21:14:09.871264+00	140
118	2026-03-12 21:15:11.410589+00	142
119	2026-03-12 21:16:18.968319+00	143
120	2026-03-12 21:18:12.4854+00	144
122	2026-03-12 21:19:49.381027+00	146
123	2026-03-12 21:20:11.379317+00	147
124	2026-03-12 21:21:07.675965+00	148
125	2026-03-12 21:22:20.273873+00	149
126	2026-03-12 21:22:53.14303+00	150
127	2026-03-12 21:25:16.194441+00	151
129	2026-03-12 21:26:27.552499+00	153
130	2026-03-13 00:57:58.560829+00	155
131	2026-03-13 00:58:23.935943+00	157
132	2026-03-13 00:59:47.494317+00	158
133	2026-03-13 01:00:30.500919+00	159
134	2026-03-13 01:01:11.941382+00	160
135	2026-03-13 01:22:00.151667+00	161
136	2026-03-13 01:22:04.787915+00	162
137	2026-03-13 01:23:30.487319+00	163
138	2026-03-13 01:24:46.179912+00	164
139	2026-03-13 01:26:03.522033+00	165
140	2026-03-13 01:26:59.964875+00	166
141	2026-03-13 01:29:11.927562+00	167
142	2026-03-13 01:30:47.463585+00	168
143	2026-04-02 16:35:05.259581+00	171
144	2026-04-02 16:41:36.970075+00	172
145	2026-04-02 16:45:47.759684+00	174
146	2026-04-02 16:59:22.317747+00	176
147	2026-04-02 17:01:48.509342+00	178
149	2026-04-02 17:02:43.277176+00	180
150	2026-04-02 17:03:49.236624+00	181
151	2026-04-02 17:04:30.360883+00	182
152	2026-04-02 17:21:38.203489+00	183
154	2026-04-02 17:25:06.020186+00	184
156	2026-04-02 17:31:13.52948+00	187
157	2026-04-02 17:33:44.253208+00	188
158	2026-04-02 17:37:11.478349+00	191
160	2026-04-02 17:40:10.041704+00	193
161	2026-04-02 17:43:45.628063+00	194
162	2026-04-02 17:47:40.499578+00	197
163	2026-04-02 17:59:17.131402+00	199
165	2026-04-02 18:07:31.99209+00	200
166	2026-04-02 18:09:22.866429+00	203
168	2026-04-02 18:10:35.887382+00	205
169	2026-04-02 18:13:06.640157+00	207
170	2026-04-02 18:14:43.696834+00	209
171	2026-04-02 18:15:56.874325+00	211
173	2026-04-04 18:00:00.261536+00	214
175	2026-04-04 18:05:48.452371+00	216
177	2026-04-04 18:09:25.552316+00	218
178	2026-04-04 18:11:38.605116+00	219
179	2026-04-04 18:20:49.4192+00	222
180	2026-04-04 18:21:51.247509+00	224
182	2026-04-05 20:37:41.128356+00	227
184	2026-04-05 20:38:41.768733+00	229
186	2026-04-05 20:39:51.013446+00	231
187	2026-04-05 20:41:26.787964+00	233
189	2026-04-05 20:44:38.843292+00	235
191	2026-04-05 22:20:03.859918+00	237
192	2026-04-05 22:51:05.451453+00	240
193	2026-04-05 22:51:05.872378+00	239
\.


--
-- Data for Name: token_blacklist_outstandingtoken; Type: TABLE DATA; Schema: public; Owner: root
--

COPY public.token_blacklist_outstandingtoken (id, token, created_at, expires_at, user_id, jti) FROM stdin;
1	eyJhbGciOiJIUzI1NiIsInR5cCI6IkpXVCJ9.eyJ0b2tlbl90eXBlIjoicmVmcmVzaCIsImV4cCI6MTc3MzM3NzM4NCwiaWF0IjoxNzczMjkwOTg0LCJqdGkiOiI0MDg5MTlhODViOTk0N2E0ODQwZTE3OGI2YjliMThiZCIsInVzZXJfaWQiOiIxIn0.B2vZikB3Pt3eNl18NiIaEbCb953RaT6kphajwUC6RMQ	2026-03-12 04:49:44.886517+00	2026-03-13 04:49:44+00	1	408919a85b9947a4840e178b6b9b18bd
2	eyJhbGciOiJIUzI1NiIsInR5cCI6IkpXVCJ9.eyJ0b2tlbl90eXBlIjoicmVmcmVzaCIsImV4cCI6MTc3MzM3NzQxOCwiaWF0IjoxNzczMjkxMDE4LCJqdGkiOiI3MzIzZjRlMGFlNDE0MzhkYjZlY2ZhMjEwNWU0MzM3OCIsInVzZXJfaWQiOiIyIn0.1xwS7KdSRut3m_IzkhYUp1JXAaZ5XHTqG3lnhIBvqdU	2026-03-12 04:50:18.577261+00	2026-03-13 04:50:18+00	2	7323f4e0ae41438db6ecfa2105e43378
3	eyJhbGciOiJIUzI1NiIsInR5cCI6IkpXVCJ9.eyJ0b2tlbl90eXBlIjoicmVmcmVzaCIsImV4cCI6MTc3MzM3NzQ4MSwiaWF0IjoxNzczMjkxMDgxLCJqdGkiOiI0MTMzYzQ2NmQ3YWY0Y2VkYTgxOGJhMmUzNzFlOWRkYiIsInVzZXJfaWQiOiIyIn0.xVy5gpyh0QDWdnG0nNymdvuMvS1OsEvWjWRWYIWySdg	2026-03-12 04:51:21.548752+00	2026-03-13 04:51:21+00	2	4133c466d7af4ceda818ba2e371e9ddb
4	eyJhbGciOiJIUzI1NiIsInR5cCI6IkpXVCJ9.eyJ0b2tlbl90eXBlIjoicmVmcmVzaCIsImV4cCI6MTc3MzM3ODQzOSwiaWF0IjoxNzczMjkyMDM5LCJqdGkiOiJkZjg1Mzk5OWNmMzc0NDNmOWY3YmM1MmViYTU4OTA2NiIsInVzZXJfaWQiOiIyIn0.b-UuYJI6KEPdAPc_CymTWwSg7PgUw5IryI1MEZji9Ws	2026-03-12 05:07:19.654721+00	2026-03-13 05:07:19+00	2	df853999cf37443f9f7bc52eba589066
5	eyJhbGciOiJIUzI1NiIsInR5cCI6IkpXVCJ9.eyJ0b2tlbl90eXBlIjoicmVmcmVzaCIsImV4cCI6MTc3MzM3ODQzOSwiaWF0IjoxNzczMjkyMDM5LCJqdGkiOiI5NTYxZGQ0NzVlZDk0YmQyYTgyYzY4NDM1ZDEyYWMzYyIsInVzZXJfaWQiOiIyIn0.zRJqfb3VpflQc3MJwUjFIgtoWdOSZXt2GhzfrLe4So4	2026-03-12 05:07:19.649989+00	2026-03-13 05:07:19+00	2	9561dd475ed94bd2a82c68435d12ac3c
6	eyJhbGciOiJIUzI1NiIsInR5cCI6IkpXVCJ9.eyJ0b2tlbl90eXBlIjoicmVmcmVzaCIsImV4cCI6MTc3MzM3ODUxNCwiaWF0IjoxNzczMjkyMTE0LCJqdGkiOiJmOWI3ZjM0YWQ0ODM0MjZlODJmYjkwNTkxMmRiMmI4NCIsInVzZXJfaWQiOiIyIn0.V7yS1PFDEesDgUzaWE58kZamYjvHrTRGafEdAVYID6o	2026-03-12 05:08:34.800202+00	2026-03-13 05:08:34+00	2	f9b7f34ad483426e82fb905912db2b84
7	eyJhbGciOiJIUzI1NiIsInR5cCI6IkpXVCJ9.eyJ0b2tlbl90eXBlIjoicmVmcmVzaCIsImV4cCI6MTc3MzM3ODUxNCwiaWF0IjoxNzczMjkyMTE0LCJqdGkiOiJkZTViNGI2NjE3MGE0MmY1OTkwOTE1MTQ0YWJlMzhlYSIsInVzZXJfaWQiOiIyIn0.iTjex3vM0AX7_QwxqiPwAKNRebJ0GY_lU_ajy0IZK-o	2026-03-12 05:08:34.806787+00	2026-03-13 05:08:34+00	2	de5b4b66170a42f5990915144abe38ea
8	eyJhbGciOiJIUzI1NiIsInR5cCI6IkpXVCJ9.eyJ0b2tlbl90eXBlIjoicmVmcmVzaCIsImV4cCI6MTc3MzM3OTY3NCwiaWF0IjoxNzczMjkzMjc0LCJqdGkiOiJlODQ1NTViYTZlODY0MDIyODdjYmU2YzUxZTFjOTFmNCIsInVzZXJfaWQiOiIyIn0.xzOybC9c_eQrmWcMYIIg5mM--7Vj--iyRAzQZ1rGRUY	2026-03-12 05:27:54.288677+00	2026-03-13 05:27:54+00	2	e84555ba6e86402287cbe6c51e1c91f4
9	eyJhbGciOiJIUzI1NiIsInR5cCI6IkpXVCJ9.eyJ0b2tlbl90eXBlIjoicmVmcmVzaCIsImV4cCI6MTc3MzM3OTY3NCwiaWF0IjoxNzczMjkzMjc0LCJqdGkiOiIwYWUxN2ZlYTQwYTA0MWU5YjdlZGEyNmQ4MjM3Mzc1ZiIsInVzZXJfaWQiOiIyIn0.2HX6SKGL2dhr1YDVP5GvFe0yVYBclGVWc-4_TovnTWI	2026-03-12 05:27:54.285643+00	2026-03-13 05:27:54+00	2	0ae17fea40a041e9b7eda26d8237375f
10	eyJhbGciOiJIUzI1NiIsInR5cCI6IkpXVCJ9.eyJ0b2tlbl90eXBlIjoicmVmcmVzaCIsImV4cCI6MTc3MzM3OTgwNywiaWF0IjoxNzczMjkzNDA3LCJqdGkiOiJjY2Q4NjMxYTI1NGM0YTRjYTNlNjg4YzFmOWE1ZTdkYSIsInVzZXJfaWQiOiIyIn0.mlWoY4sW3KRwdx6CveKUmoIP2bVeep1s3Gko-wFw-6o	2026-03-12 05:30:07.66238+00	2026-03-13 05:30:07+00	2	ccd8631a254c4a4ca3e688c1f9a5e7da
11	eyJhbGciOiJIUzI1NiIsInR5cCI6IkpXVCJ9.eyJ0b2tlbl90eXBlIjoicmVmcmVzaCIsImV4cCI6MTc3MzM3OTgwNywiaWF0IjoxNzczMjkzNDA3LCJqdGkiOiIwZGU4ZjRjYTc5YjM0ZDVkYmJlOWViMjNhMTA4YTE5YiIsInVzZXJfaWQiOiIyIn0.ywpUwiMdAvP3_FiwGBroZrbp9UIHOYbjmFLB5-vXr8A	2026-03-12 05:30:07.667362+00	2026-03-13 05:30:07+00	2	0de8f4ca79b34d5dbbe9eb23a108a19b
12	eyJhbGciOiJIUzI1NiIsInR5cCI6IkpXVCJ9.eyJ0b2tlbl90eXBlIjoicmVmcmVzaCIsImV4cCI6MTc3MzM3OTg3MCwiaWF0IjoxNzczMjkzNDcwLCJqdGkiOiI2ZjViMDgyYmMzNjU0ODUzOTgxZDQxZmEyMjc3ZjIzYyIsInVzZXJfaWQiOiIyIn0.5M3VmFpGxgHIJRiQZcf225Vf-_SqiirsyEkozYUHioo	2026-03-12 05:31:10.447332+00	2026-03-13 05:31:10+00	2	6f5b082bc3654853981d41fa2277f23c
13	eyJhbGciOiJIUzI1NiIsInR5cCI6IkpXVCJ9.eyJ0b2tlbl90eXBlIjoicmVmcmVzaCIsImV4cCI6MTc3MzM3OTk5MiwiaWF0IjoxNzczMjkzNTkyLCJqdGkiOiI2NWJjNWJjOTExZjQ0MDY5YWFjZmRkMTE5NWJiZWMwYiIsInVzZXJfaWQiOiIyIn0.VJH8WuGm9WPtotLLILsxxSE08lXQEM6EiKCisklQDzU	2026-03-12 05:33:12.084412+00	2026-03-13 05:33:12+00	2	65bc5bc911f44069aacfdd1195bbec0b
14	eyJhbGciOiJIUzI1NiIsInR5cCI6IkpXVCJ9.eyJ0b2tlbl90eXBlIjoicmVmcmVzaCIsImV4cCI6MTc3MzM4MDA4NSwiaWF0IjoxNzczMjkzNjg1LCJqdGkiOiJlNDZkYzdlMDA3YjA0MTI0YWZiYTk1OGU4YWU1NDI2OCIsInVzZXJfaWQiOiIyIn0.wv7qPZ_7N5LwWzg5S6ea54DE-AZWGLwKOkUeR70MCxw	2026-03-12 05:34:45.271981+00	2026-03-13 05:34:45+00	2	e46dc7e007b04124afba958e8ae54268
15	eyJhbGciOiJIUzI1NiIsInR5cCI6IkpXVCJ9.eyJ0b2tlbl90eXBlIjoicmVmcmVzaCIsImV4cCI6MTc3MzM4MDA4NSwiaWF0IjoxNzczMjkzNjg1LCJqdGkiOiJlYmRhZGVmMGNhYzU0NDU2OTI5YjY5ZjVlNGZmMGY1MyIsInVzZXJfaWQiOiIyIn0.hYiK4kt9mfGABv_Ljbp7xZ3KaPyrjVeff7L--66FKNY	2026-03-12 05:34:45.275309+00	2026-03-13 05:34:45+00	2	ebdadef0cac54456929b69f5e4ff0f53
16	eyJhbGciOiJIUzI1NiIsInR5cCI6IkpXVCJ9.eyJ0b2tlbl90eXBlIjoicmVmcmVzaCIsImV4cCI6MTc3MzM4MDE1MywiaWF0IjoxNzczMjkzNzUzLCJqdGkiOiIxNGRkNzA4MGU1YWQ0YjkwYWVmNjg3MjY2NTNhZmVmZCIsInVzZXJfaWQiOiIyIn0.1zQ5Y68DsYy_gsWg27aNTPfA8f86lzJoLnRg5GWcrY0	2026-03-12 05:35:53.074361+00	2026-03-13 05:35:53+00	2	14dd7080e5ad4b90aef68726653afefd
17	eyJhbGciOiJIUzI1NiIsInR5cCI6IkpXVCJ9.eyJ0b2tlbl90eXBlIjoicmVmcmVzaCIsImV4cCI6MTc3MzM4MDM0NywiaWF0IjoxNzczMjkzOTQ3LCJqdGkiOiI1YzNkNzQxYjA0OGU0Y2Q4YTU1Y2JjYWNjOGRhYmFjNCIsInVzZXJfaWQiOiIyIn0.45AuN_MDFv2bVE2CukquJpiXduFpkFnSukfKNxMCLJA	2026-03-12 05:39:07.282632+00	2026-03-13 05:39:07+00	2	5c3d741b048e4cd8a55cbcacc8dabac4
18	eyJhbGciOiJIUzI1NiIsInR5cCI6IkpXVCJ9.eyJ0b2tlbl90eXBlIjoicmVmcmVzaCIsImV4cCI6MTc3MzM4MTIwMywiaWF0IjoxNzczMjk0ODAzLCJqdGkiOiJlN2JlNmVhOGY0ZmE0NWNjYWE0N2RiYmNmYjFlODUzYiIsInVzZXJfaWQiOiIyIn0.PZorKYt-H9eEJW9uXIX13MS-H3_HGxSr0VqbhITo41Y	2026-03-12 05:53:23.093858+00	2026-03-13 05:53:23+00	2	e7be6ea8f4fa45ccaa47dbbcfb1e853b
19	eyJhbGciOiJIUzI1NiIsInR5cCI6IkpXVCJ9.eyJ0b2tlbl90eXBlIjoicmVmcmVzaCIsImV4cCI6MTc3MzM4MTM1MCwiaWF0IjoxNzczMjk0OTUwLCJqdGkiOiI0NDgwOTJjZTBjNTA0ZmNmYTY4MmZkYjAyMmE2ZThhNyIsInVzZXJfaWQiOiIyIn0.W1G1jKEShTESSasrVZ7l2duK61WyfhaXTIHv48DyVEM	2026-03-12 05:55:50.396745+00	2026-03-13 05:55:50+00	2	448092ce0c504fcfa682fdb022a6e8a7
20	eyJhbGciOiJIUzI1NiIsInR5cCI6IkpXVCJ9.eyJ0b2tlbl90eXBlIjoicmVmcmVzaCIsImV4cCI6MTc3MzQxMzk5MiwiaWF0IjoxNzczMzI3NTkyLCJqdGkiOiI5ODU4NjA4ZDE3MmE0ZTVjOGNmMTY1Njk5ZDkyMmI4NSIsInVzZXJfaWQiOiIyIn0.fne85HICwmoSOn6yTvrTIc5qstZ58huak1Z3Bm66qXE	2026-03-12 14:59:52.482644+00	2026-03-13 14:59:52+00	2	9858608d172a4e5c8cf165699d922b85
21	eyJhbGciOiJIUzI1NiIsInR5cCI6IkpXVCJ9.eyJ0b2tlbl90eXBlIjoicmVmcmVzaCIsImV4cCI6MTc3MzQxNDEzMCwiaWF0IjoxNzczMzI3NzMwLCJqdGkiOiI4NjAzYTUzMDIzZjg0OGUyYWE2MTU4OGEzOTljMmQwNyIsInVzZXJfaWQiOiIyIn0.QQtP7vFs8mEZZ3LvJhTw5smJlwzba7naNZ5zdX2GIrY	2026-03-12 15:02:10.840807+00	2026-03-13 15:02:10+00	2	8603a53023f848e2aa61588a399c2d07
22	eyJhbGciOiJIUzI1NiIsInR5cCI6IkpXVCJ9.eyJ0b2tlbl90eXBlIjoicmVmcmVzaCIsImV4cCI6MTc3MzQxNDM0MiwiaWF0IjoxNzczMzI3OTQyLCJqdGkiOiJiZDgzZjFlNjQ4YzE0YjY1YjNiODAzZDRkMmM5YTE0MiIsInVzZXJfaWQiOiIyIn0.jyF3hhGcy-VpELGrKKn7OaRn1oiwYixaIl-lrxDUuMM	2026-03-12 15:05:42.442408+00	2026-03-13 15:05:42+00	2	bd83f1e648c14b65b3b803d4d2c9a142
23	eyJhbGciOiJIUzI1NiIsInR5cCI6IkpXVCJ9.eyJ0b2tlbl90eXBlIjoicmVmcmVzaCIsImV4cCI6MTc3MzQxNDM0MiwiaWF0IjoxNzczMzI3OTQyLCJqdGkiOiI2Y2I2MGQxZTUxZmE0NGUwYmJmOWU0N2E2YTI2YzA3NiIsInVzZXJfaWQiOiIyIn0.ZArwYRpQqIV3FreL7Qh8AO-hLk2BQHYpLpznXWBh1d8	2026-03-12 15:05:42.467259+00	2026-03-13 15:05:42+00	2	6cb60d1e51fa44e0bbf9e47a6a26c076
24	eyJhbGciOiJIUzI1NiIsInR5cCI6IkpXVCJ9.eyJ0b2tlbl90eXBlIjoicmVmcmVzaCIsImV4cCI6MTc3MzQxNDkyMSwiaWF0IjoxNzczMzI4NTIxLCJqdGkiOiJlZTM0ZTFiOGJmZjE0YzU1YTI1NWU5MzAyYjhhZTJjNCIsInVzZXJfaWQiOiIyIn0.Enyb0plAbgDdE266Aqgdhd_pGW8IyZwjD2Fl7jdhePA	2026-03-12 15:15:21.517094+00	2026-03-13 15:15:21+00	2	ee34e1b8bff14c55a255e9302b8ae2c4
25	eyJhbGciOiJIUzI1NiIsInR5cCI6IkpXVCJ9.eyJ0b2tlbl90eXBlIjoicmVmcmVzaCIsImV4cCI6MTc3MzQxNDkyOSwiaWF0IjoxNzczMzI4NTI5LCJqdGkiOiI2NTM0ZjEzZjUzNzI0YTYxOTBhNDc5Y2FmY2ZmZjE5NyIsInVzZXJfaWQiOiIyIn0.pFq--IKA10WVGQDN31HHLRtvDOyPKMBsUppHvKE5In4	2026-03-12 15:15:29.512958+00	2026-03-13 15:15:29+00	2	6534f13f53724a6190a479cafcfff197
26	eyJhbGciOiJIUzI1NiIsInR5cCI6IkpXVCJ9.eyJ0b2tlbl90eXBlIjoicmVmcmVzaCIsImV4cCI6MTc3MzQxNDk5NiwiaWF0IjoxNzczMzI4NTk2LCJqdGkiOiJlOWY4OTZhNTg3N2Q0YmE4YTRhMWI1Yjc0NzMzNGUxMCIsInVzZXJfaWQiOiIyIn0.ub_Bh86-CZmVMpZFGZg35LtVaZqhiuZNVyEYjadVw0I	2026-03-12 15:16:36.777093+00	2026-03-13 15:16:36+00	2	e9f896a5877d4ba8a4a1b5b747334e10
27	eyJhbGciOiJIUzI1NiIsInR5cCI6IkpXVCJ9.eyJ0b2tlbl90eXBlIjoicmVmcmVzaCIsImV4cCI6MTc3MzQxNDk5NiwiaWF0IjoxNzczMzI4NTk2LCJqdGkiOiJkYjM4ODI1YWY1NjQ0MjkyYTVlZTFkYjRkYzU2MDlkZSIsInVzZXJfaWQiOiIyIn0.ZRNhpAK1TUWiLp4V7Yy8CObSqkjz5LRLNYLd_5IfA0Y	2026-03-12 15:16:36.773617+00	2026-03-13 15:16:36+00	2	db38825af5644292a5ee1db4dc5609de
28	eyJhbGciOiJIUzI1NiIsInR5cCI6IkpXVCJ9.eyJ0b2tlbl90eXBlIjoicmVmcmVzaCIsImV4cCI6MTc3MzQxNTA1OCwiaWF0IjoxNzczMzI4NjU4LCJqdGkiOiI3NzY2YjVjN2U0MDM0ZjU2YmE5NjQwZTBmMmU1MWMzMCIsInVzZXJfaWQiOiIyIn0.9cjpKObHrDde3d2yWO5NQUaVxpvzLr9X5n2Sfu8oYyo	2026-03-12 15:17:38.29064+00	2026-03-13 15:17:38+00	2	7766b5c7e4034f56ba9640e0f2e51c30
29	eyJhbGciOiJIUzI1NiIsInR5cCI6IkpXVCJ9.eyJ0b2tlbl90eXBlIjoicmVmcmVzaCIsImV4cCI6MTc3MzQxNTA1OCwiaWF0IjoxNzczMzI4NjU4LCJqdGkiOiI2OWVmY2M0NTc4Zjc0YzRkODk3Y2Q0MGQzZGRjOTJmMyIsInVzZXJfaWQiOiIyIn0.2lrMJVsP9nHbALTdis8VF5SkJxqfapHF_EmaFl6_FYM	2026-03-12 15:17:38.29636+00	2026-03-13 15:17:38+00	2	69efcc4578f74c4d897cd40d3ddc92f3
30	eyJhbGciOiJIUzI1NiIsInR5cCI6IkpXVCJ9.eyJ0b2tlbl90eXBlIjoicmVmcmVzaCIsImV4cCI6MTc3MzQxNTE3MiwiaWF0IjoxNzczMzI4NzcyLCJqdGkiOiI1NDAxYmY1MDE0MTg0NWNmYmFhYThkZDZjZmE4MzBiOCIsInVzZXJfaWQiOiIyIn0._ZoCDESoZ5p6cgWvPHh_IeO_x2240dhwBvzCYVxN5yU	2026-03-12 15:19:32.882882+00	2026-03-13 15:19:32+00	2	5401bf50141845cfbaaa8dd6cfa830b8
31	eyJhbGciOiJIUzI1NiIsInR5cCI6IkpXVCJ9.eyJ0b2tlbl90eXBlIjoicmVmcmVzaCIsImV4cCI6MTc3MzQxNTE3MiwiaWF0IjoxNzczMzI4NzcyLCJqdGkiOiJmN2MxYTk0MDVjMzU0OTE0OTZmZGMyZTJmOWEzYzRmOCIsInVzZXJfaWQiOiIyIn0.6yScSunJJtHB2GDlU5COIlbNF42T7o14i7s1O1BcTEg	2026-03-12 15:19:32.895781+00	2026-03-13 15:19:32+00	2	f7c1a9405c35491496fdc2e2f9a3c4f8
32	eyJhbGciOiJIUzI1NiIsInR5cCI6IkpXVCJ9.eyJ0b2tlbl90eXBlIjoicmVmcmVzaCIsImV4cCI6MTc3MzQxNTI2MCwiaWF0IjoxNzczMzI4ODYwLCJqdGkiOiJkNGE5ZGEyNzU5ZWY0NjQ0OTk5OGE4NTRjMTQ5YzAzZiIsInVzZXJfaWQiOiIyIn0.wrCX3HPYv7texHMWqcVarRCACTaEvTZfTcUDzOQgCv8	2026-03-12 15:21:00.996758+00	2026-03-13 15:21:00+00	2	d4a9da2759ef46449998a854c149c03f
33	eyJhbGciOiJIUzI1NiIsInR5cCI6IkpXVCJ9.eyJ0b2tlbl90eXBlIjoicmVmcmVzaCIsImV4cCI6MTc3MzQxNTI2MSwiaWF0IjoxNzczMzI4ODYxLCJqdGkiOiIyNjhmY2M0Y2Y2MmI0NGFiODgzNDY3NTc1ODdmNjk3MCIsInVzZXJfaWQiOiIyIn0.17_ceEpLOpQitRuEuqWtIzqvsPRgRfqjLMMduaSuEf8	2026-03-12 15:21:01.006754+00	2026-03-13 15:21:01+00	2	268fcc4cf62b44ab88346757587f6970
34	eyJhbGciOiJIUzI1NiIsInR5cCI6IkpXVCJ9.eyJ0b2tlbl90eXBlIjoicmVmcmVzaCIsImV4cCI6MTc3MzQxNjA5NCwiaWF0IjoxNzczMzI5Njk0LCJqdGkiOiIyNzRhZDhmYjY3ODM0ZGNhYmEyZjQ2NWEwNThkZjY5MyIsInVzZXJfaWQiOiIyIn0.Su4qkRyxPI3Ld5EmrxP-cndVtVPY4kV3R5c4KLEJ1LA	2026-03-12 15:34:54.129537+00	2026-03-13 15:34:54+00	2	274ad8fb67834dcaba2f465a058df693
35	eyJhbGciOiJIUzI1NiIsInR5cCI6IkpXVCJ9.eyJ0b2tlbl90eXBlIjoicmVmcmVzaCIsImV4cCI6MTc3MzQxNjMwMiwiaWF0IjoxNzczMzI5OTAyLCJqdGkiOiI2MTk0ODA0ZTFhMTI0MjE0YTA5YTMyODFiNTQwZWMzNCIsInVzZXJfaWQiOiIyIn0.XGS2KRqeuQsfOjBwmtj9YKk3DX1a7Rg1LvuFXYf-s44	2026-03-12 15:38:22.230756+00	2026-03-13 15:38:22+00	2	6194804e1a124214a09a3281b540ec34
36	eyJhbGciOiJIUzI1NiIsInR5cCI6IkpXVCJ9.eyJ0b2tlbl90eXBlIjoicmVmcmVzaCIsImV4cCI6MTc3MzQxNjM2OSwiaWF0IjoxNzczMzI5OTY5LCJqdGkiOiJkZmFlY2UyZDgyZTg0ODM1OWVmYjUyY2M4NGZjYjgyOCIsInVzZXJfaWQiOiIyIn0.JscAzVXhYVxlvsTM-h1Lxyz8zl9t1HKY6qHvgv2gErc	2026-03-12 15:39:29.038289+00	2026-03-13 15:39:29+00	2	dfaece2d82e848359efb52cc84fcb828
37	eyJhbGciOiJIUzI1NiIsInR5cCI6IkpXVCJ9.eyJ0b2tlbl90eXBlIjoicmVmcmVzaCIsImV4cCI6MTc3MzQxNjYwNiwiaWF0IjoxNzczMzMwMjA2LCJqdGkiOiJhOWVmNDlkNjIzOTg0ZWFkYWZlYjE5YzA0NTg4NWUyMSIsInVzZXJfaWQiOiIyIn0.RfdNC3PL-pkk3Xo_TTIQx6gecTeBrWUer1Gt0QQOWh8	2026-03-12 15:43:26.6334+00	2026-03-13 15:43:26+00	2	a9ef49d623984eadafeb19c045885e21
38	eyJhbGciOiJIUzI1NiIsInR5cCI6IkpXVCJ9.eyJ0b2tlbl90eXBlIjoicmVmcmVzaCIsImV4cCI6MTc3MzQxNzQyMCwiaWF0IjoxNzczMzMxMDIwLCJqdGkiOiJkNzVlMjZhNjkzNmY0MmI3YmI0NDc3YjUwOWMzYWE2NCIsInVzZXJfaWQiOiIyIn0.sIYLl4J7cWrhs2xtjexy_vC3-UkzJmZyqcrYNANPml4	2026-03-12 15:57:00.157684+00	2026-03-13 15:57:00+00	2	d75e26a6936f42b7bb4477b509c3aa64
39	eyJhbGciOiJIUzI1NiIsInR5cCI6IkpXVCJ9.eyJ0b2tlbl90eXBlIjoicmVmcmVzaCIsImV4cCI6MTc3MzQxNzU0OSwiaWF0IjoxNzczMzMxMTQ5LCJqdGkiOiJiOTJmNDlhMmJjOTg0OWUwOTY4NTFlMjk5YWNiNWUzOSIsInVzZXJfaWQiOiIyIn0.mZ3ix25gGnemMJ4vWlLc7no_v9JE2quRITcWKpXhd0g	2026-03-12 15:59:09.368581+00	2026-03-13 15:59:09+00	2	b92f49a2bc9849e096851e299acb5e39
40	eyJhbGciOiJIUzI1NiIsInR5cCI6IkpXVCJ9.eyJ0b2tlbl90eXBlIjoicmVmcmVzaCIsImV4cCI6MTc3MzQxNzYxOCwiaWF0IjoxNzczMzMxMjE4LCJqdGkiOiI0NzgyMDQyYzE4NjI0MDU1OTQzODU1YTRkYjc4YjRmYSIsInVzZXJfaWQiOiIyIn0.EgjDiT8GOWWJHezw64QiGEOfk54_ahzYpUEa2Z_vkJw	2026-03-12 16:00:18.897192+00	2026-03-13 16:00:18+00	2	4782042c18624055943855a4db78b4fa
41	eyJhbGciOiJIUzI1NiIsInR5cCI6IkpXVCJ9.eyJ0b2tlbl90eXBlIjoicmVmcmVzaCIsImV4cCI6MTc3MzQxODA2NSwiaWF0IjoxNzczMzMxNjY1LCJqdGkiOiIyOGQ3MjE0MzE3NzM0ZTI0YWI0YzA5M2UxNTgxMTI5NCIsInVzZXJfaWQiOiIyIn0.2dXJ-ZvjYWJ30d2GiTcpmyFSe2Rfwu4tzWQrLraKJhA	2026-03-12 16:07:45.213752+00	2026-03-13 16:07:45+00	2	28d7214317734e24ab4c093e15811294
42	eyJhbGciOiJIUzI1NiIsInR5cCI6IkpXVCJ9.eyJ0b2tlbl90eXBlIjoicmVmcmVzaCIsImV4cCI6MTc3MzQxODEzMiwiaWF0IjoxNzczMzMxNzMyLCJqdGkiOiJkZjAyODQ5NmMzOGQ0MjNhYmJjNTI5MmMzYjNiMzUwNSIsInVzZXJfaWQiOiIyIn0.hjPjUUx6RMmjcjcUO82-nB4V1PT_aUBhXveh9DvJBEc	2026-03-12 16:08:52.422081+00	2026-03-13 16:08:52+00	2	df028496c38d423abbc5292c3b3b3505
43	eyJhbGciOiJIUzI1NiIsInR5cCI6IkpXVCJ9.eyJ0b2tlbl90eXBlIjoicmVmcmVzaCIsImV4cCI6MTc3MzQxODk2MSwiaWF0IjoxNzczMzMyNTYxLCJqdGkiOiJiOTIzNWE3NDk1NDI0NDgwOGNmZmE2YzczYjA2ODQxNSIsInVzZXJfaWQiOiIyIn0.y2Sn-tQkwML4QTzi5bqFghiHudy5_D0hV3y1-P0ECvk	2026-03-12 16:22:41.971089+00	2026-03-13 16:22:41+00	2	b9235a74954244808cffa6c73b068415
44	eyJhbGciOiJIUzI1NiIsInR5cCI6IkpXVCJ9.eyJ0b2tlbl90eXBlIjoicmVmcmVzaCIsImV4cCI6MTc3MzQxODk2MSwiaWF0IjoxNzczMzMyNTYxLCJqdGkiOiJhYjdiYTkwYjFlZWQ0NzFmYWQ4NzNhNDBlZGZiYWZhZSIsInVzZXJfaWQiOiIyIn0.JLMDuP86U6e54Sf5KL7jPy5lckP_-98KOPg1NqT8PGs	2026-03-12 16:22:41.966998+00	2026-03-13 16:22:41+00	2	ab7ba90b1eed471fad873a40edfbafae
45	eyJhbGciOiJIUzI1NiIsInR5cCI6IkpXVCJ9.eyJ0b2tlbl90eXBlIjoicmVmcmVzaCIsImV4cCI6MTc3MzQxOTE3MSwiaWF0IjoxNzczMzMyNzcxLCJqdGkiOiJhMzY2ZDAxNDYxYTc0MWE4ODcyY2M0ZDkyMTNmZTgxNyIsInVzZXJfaWQiOiIyIn0.DyZyOKcqKWcWXINHNeNV38uliFDpCkbRGsa7JLCPNoA	2026-03-12 16:26:11.557555+00	2026-03-13 16:26:11+00	2	a366d01461a741a8872cc4d9213fe817
46	eyJhbGciOiJIUzI1NiIsInR5cCI6IkpXVCJ9.eyJ0b2tlbl90eXBlIjoicmVmcmVzaCIsImV4cCI6MTc3MzQxOTIzOSwiaWF0IjoxNzczMzMyODM5LCJqdGkiOiI1MjJhMWU5ZjA4OGQ0OTUwOWU3NjQ2Y2UzMGIzZjFkYSIsInVzZXJfaWQiOiIyIn0.NBu3Mz6XA-SColaeDxOfNwj0Ri2O9woMt9PjsnBQfGI	2026-03-12 16:27:19.569154+00	2026-03-13 16:27:19+00	2	522a1e9f088d49509e7646ce30b3f1da
47	eyJhbGciOiJIUzI1NiIsInR5cCI6IkpXVCJ9.eyJ0b2tlbl90eXBlIjoicmVmcmVzaCIsImV4cCI6MTc3MzQxOTU4NywiaWF0IjoxNzczMzMzMTg3LCJqdGkiOiJhZDg0NjliOTI0MDM0MmYyODVkNzYyZGRjMDFiYjUyNSIsInVzZXJfaWQiOiIyIn0.U8HtwIoEM6LIUrlREpod7qL1YTiCw0GX4BcDhkZSy4Y	2026-03-12 16:33:07.315734+00	2026-03-13 16:33:07+00	2	ad8469b9240342f285d762ddc01bb525
48	eyJhbGciOiJIUzI1NiIsInR5cCI6IkpXVCJ9.eyJ0b2tlbl90eXBlIjoicmVmcmVzaCIsImV4cCI6MTc3MzQxOTU4NywiaWF0IjoxNzczMzMzMTg3LCJqdGkiOiI0YzAyYmM4Njk0NjQ0ZjIxYTljYzkzN2JlOGZjZjAzMiIsInVzZXJfaWQiOiIyIn0.YeIGuo3pv0I0BUe63d_ca6dotfdcBiYgk08P1O4TcqQ	2026-03-12 16:33:07.318763+00	2026-03-13 16:33:07+00	2	4c02bc8694644f21a9cc937be8fcf032
49	eyJhbGciOiJIUzI1NiIsInR5cCI6IkpXVCJ9.eyJ0b2tlbl90eXBlIjoicmVmcmVzaCIsImV4cCI6MTc3MzQxOTY2OCwiaWF0IjoxNzczMzMzMjY4LCJqdGkiOiIxZDliM2U4NmRmODg0YWQ4YWU4MTIzZDA0ZTdlNWRmYyIsInVzZXJfaWQiOiIyIn0.5x3rOfyqrIg3lszA2a4mhZl1iJimuMHvqpCwsUzXWlQ	2026-03-12 16:34:28.197532+00	2026-03-13 16:34:28+00	2	1d9b3e86df884ad8ae8123d04e7e5dfc
50	eyJhbGciOiJIUzI1NiIsInR5cCI6IkpXVCJ9.eyJ0b2tlbl90eXBlIjoicmVmcmVzaCIsImV4cCI6MTc3MzQxOTczNywiaWF0IjoxNzczMzMzMzM3LCJqdGkiOiIzN2U2MmVlNzYxY2I0OTA2OTY2ZmFkMWZhYjJiYTkwMyIsInVzZXJfaWQiOiIyIn0.zCLAPIi983QlEA4prk9R7P7kzlY6rqo5wbktoclFMGU	2026-03-12 16:35:37.728641+00	2026-03-13 16:35:37+00	2	37e62ee761cb4906966fad1fab2ba903
51	eyJhbGciOiJIUzI1NiIsInR5cCI6IkpXVCJ9.eyJ0b2tlbl90eXBlIjoicmVmcmVzaCIsImV4cCI6MTc3MzQxOTgwNCwiaWF0IjoxNzczMzMzNDA0LCJqdGkiOiI3NzQxYmM3ZTc5NGQ0ODZiOGY0ZjFhZTU5ZmJlZGVkNyIsInVzZXJfaWQiOiIyIn0.QqK6d9_BLCzhhVDn5PDje8UhN8dZ7JKfpZTZC32oLco	2026-03-12 16:36:44.108302+00	2026-03-13 16:36:44+00	2	7741bc7e794d486b8f4f1ae59fbeded7
52	eyJhbGciOiJIUzI1NiIsInR5cCI6IkpXVCJ9.eyJ0b2tlbl90eXBlIjoicmVmcmVzaCIsImV4cCI6MTc3MzQxOTk0OSwiaWF0IjoxNzczMzMzNTQ5LCJqdGkiOiJjYzBhYmE2MzczYjQ0NzMxYmMxYTcyNjJkYWYxZGMxYyIsInVzZXJfaWQiOiIyIn0.5w_iGwF1tU-qYwlMUphIIDbomOXXdWRhPNfuLJXHKCg	2026-03-12 16:39:09.218534+00	2026-03-13 16:39:09+00	2	cc0aba6373b44731bc1a7262daf1dc1c
53	eyJhbGciOiJIUzI1NiIsInR5cCI6IkpXVCJ9.eyJ0b2tlbl90eXBlIjoicmVmcmVzaCIsImV4cCI6MTc3MzQyMDUyNiwiaWF0IjoxNzczMzM0MTI2LCJqdGkiOiJiZGYwNjFiZDk3NWY0N2QyOTMxZmQxYmNlYjY3MzJiMSIsInVzZXJfaWQiOiIyIn0.bmFiga329SUrotCa89_j3j7-Bx9EROUvtqccfim4Gwo	2026-03-12 16:48:46.947616+00	2026-03-13 16:48:46+00	2	bdf061bd975f47d2931fd1bceb6732b1
54	eyJhbGciOiJIUzI1NiIsInR5cCI6IkpXVCJ9.eyJ0b2tlbl90eXBlIjoicmVmcmVzaCIsImV4cCI6MTc3MzQyMDU5MywiaWF0IjoxNzczMzM0MTkzLCJqdGkiOiJhYjVkOTczYTQ1YjI0MjU5YmFjODI3YmMwYzZlZjYzNCIsInVzZXJfaWQiOiIyIn0.-NXBPIzNde8hvJB6qD4bHBXxRJTI2IAZyJQAk49KdY0	2026-03-12 16:49:53.902192+00	2026-03-13 16:49:53+00	2	ab5d973a45b24259bac827bc0c6ef634
55	eyJhbGciOiJIUzI1NiIsInR5cCI6IkpXVCJ9.eyJ0b2tlbl90eXBlIjoicmVmcmVzaCIsImV4cCI6MTc3MzQyMDcwNiwiaWF0IjoxNzczMzM0MzA2LCJqdGkiOiJjODFmMDQ4YzMxOTc0MzJiYTVmZTdmMGRiZjI2ZWYzNyIsInVzZXJfaWQiOiIyIn0.5ZhsqZD49FhrO8vjgoUlwecJHk10DQBaLzMq0M0asbw	2026-03-12 16:51:46.260378+00	2026-03-13 16:51:46+00	2	c81f048c3197432ba5fe7f0dbf26ef37
56	eyJhbGciOiJIUzI1NiIsInR5cCI6IkpXVCJ9.eyJ0b2tlbl90eXBlIjoicmVmcmVzaCIsImV4cCI6MTc3MzQyMDc4MiwiaWF0IjoxNzczMzM0MzgyLCJqdGkiOiJhZDcwOTZlZmQxYzE0ZjExYmVkMTdmY2YxYTZlZDZjYSIsInVzZXJfaWQiOiIyIn0.AjsVTao6hDKIc8Pzi_Xa9-aHxsfUXZiKOsTU3v8ay0o	2026-03-12 16:53:02.586963+00	2026-03-13 16:53:02+00	2	ad7096efd1c14f11bed17fcf1a6ed6ca
57	eyJhbGciOiJIUzI1NiIsInR5cCI6IkpXVCJ9.eyJ0b2tlbl90eXBlIjoicmVmcmVzaCIsImV4cCI6MTc3MzQyMDg3NiwiaWF0IjoxNzczMzM0NDc2LCJqdGkiOiJiODdiNDIwZGFkNjU0YzRlYWYxMGY1MjM1ODkzY2U2ZSIsInVzZXJfaWQiOiIyIn0.fKN2_K2QFMKCdPZaEJM_d7q2cdiZLJr5aRKY3WgGnXU	2026-03-12 16:54:36.828656+00	2026-03-13 16:54:36+00	2	b87b420dad654c4eaf10f5235893ce6e
58	eyJhbGciOiJIUzI1NiIsInR5cCI6IkpXVCJ9.eyJ0b2tlbl90eXBlIjoicmVmcmVzaCIsImV4cCI6MTc3MzQyMDkzNiwiaWF0IjoxNzczMzM0NTM2LCJqdGkiOiI2ZDFkMWU0MzJlMGU0M2EyOTRjYzY5ODI5MzlkZGQzYyIsInVzZXJfaWQiOiIyIn0.gkwRfO5I6clO-d_z7kyaB1hSAE7q3JSScH_6ENE1Ug8	2026-03-12 16:55:36.837774+00	2026-03-13 16:55:36+00	2	6d1d1e432e0e43a294cc6982939ddd3c
59	eyJhbGciOiJIUzI1NiIsInR5cCI6IkpXVCJ9.eyJ0b2tlbl90eXBlIjoicmVmcmVzaCIsImV4cCI6MTc3MzQyMDk0NCwiaWF0IjoxNzczMzM0NTQ0LCJqdGkiOiJmZDliZDUxODg2YzI0ZWQ4OWYzNWRjZTkzNjgzODY1NiIsInVzZXJfaWQiOiIyIn0.OnpuSrDymbpm7A1-J8LKVYjVjTpjrTmLhfzPgEbvJH4	2026-03-12 16:55:44.773818+00	2026-03-13 16:55:44+00	2	fd9bd51886c24ed89f35dce936838656
60	eyJhbGciOiJIUzI1NiIsInR5cCI6IkpXVCJ9.eyJ0b2tlbl90eXBlIjoicmVmcmVzaCIsImV4cCI6MTc3MzQyMTEwNywiaWF0IjoxNzczMzM0NzA3LCJqdGkiOiIyZTBmZWRkNWFjMDE0ZjFmOGUxZDlhYmVjNTAyOTgzOSIsInVzZXJfaWQiOiIyIn0.gAii3Zfqh8OerarFHwmbHge-sRl1Q1HFqS7ZWxcXr8U	2026-03-12 16:58:27.535275+00	2026-03-13 16:58:27+00	2	2e0fedd5ac014f1f8e1d9abec5029839
61	eyJhbGciOiJIUzI1NiIsInR5cCI6IkpXVCJ9.eyJ0b2tlbl90eXBlIjoicmVmcmVzaCIsImV4cCI6MTc3MzQyMTExNiwiaWF0IjoxNzczMzM0NzE2LCJqdGkiOiI5OWQ3YWJlNzcwOTE0YjA2ODkwNDQ0ZGM2MDQyYTZmZSIsInVzZXJfaWQiOiIyIn0.XgfXRWYq8_lGjDKV4N1svwqshmtPfJ1Zvr9P0Hs8d_E	2026-03-12 16:58:36.432149+00	2026-03-13 16:58:36+00	2	99d7abe770914b06890444dc6042a6fe
62	eyJhbGciOiJIUzI1NiIsInR5cCI6IkpXVCJ9.eyJ0b2tlbl90eXBlIjoicmVmcmVzaCIsImV4cCI6MTc3MzQyMTM1NywiaWF0IjoxNzczMzM0OTU3LCJqdGkiOiIxZDNiYThmYmVjYjA0YjNjYWY5MDcxMmYwODMyMTExNCIsInVzZXJfaWQiOiIyIn0.TYswQhN24GdyYh2zAvyjVbEsjx1EZ-AP7a23XLOjzHQ	2026-03-12 17:02:37.124585+00	2026-03-13 17:02:37+00	2	1d3ba8fbecb04b3caf90712f08321114
63	eyJhbGciOiJIUzI1NiIsInR5cCI6IkpXVCJ9.eyJ0b2tlbl90eXBlIjoicmVmcmVzaCIsImV4cCI6MTc3MzQyMTM1NywiaWF0IjoxNzczMzM0OTU3LCJqdGkiOiJiZmEzYWZmNDgwNWY0ZDg2YjFkMDNhMWJkZDEyNDBjYSIsInVzZXJfaWQiOiIyIn0.qgTNzOka_qsn6ZmrqUAx-QQxNE-fu9FehD-8r3EoqO4	2026-03-12 17:02:37.134204+00	2026-03-13 17:02:37+00	2	bfa3aff4805f4d86b1d03a1bdd1240ca
64	eyJhbGciOiJIUzI1NiIsInR5cCI6IkpXVCJ9.eyJ0b2tlbl90eXBlIjoicmVmcmVzaCIsImV4cCI6MTc3MzQyMTUzNywiaWF0IjoxNzczMzM1MTM3LCJqdGkiOiI4NjVjYjUwNGViMTM0ZjEzODZkMzExZTYyNjYxZDU3NiIsInVzZXJfaWQiOiIyIn0.CsA_lh8cTdhRurYFSK7CG9t8ZuPgTKk5tlX1p54yXY8	2026-03-12 17:05:37.266019+00	2026-03-13 17:05:37+00	2	865cb504eb134f1386d311e62661d576
65	eyJhbGciOiJIUzI1NiIsInR5cCI6IkpXVCJ9.eyJ0b2tlbl90eXBlIjoicmVmcmVzaCIsImV4cCI6MTc3MzQyMTgwMiwiaWF0IjoxNzczMzM1NDAyLCJqdGkiOiI5NTliMDg3NGE2ZGE0YTcwYmUxNmIzMjg0Y2I5ODVjOSIsInVzZXJfaWQiOiIyIn0.WhcxGpu4Ald0mtSqOWGJ0xfqtqeZqhcV9SYcxp4sJd4	2026-03-12 17:10:02.03074+00	2026-03-13 17:10:02+00	2	959b0874a6da4a70be16b3284cb985c9
66	eyJhbGciOiJIUzI1NiIsInR5cCI6IkpXVCJ9.eyJ0b2tlbl90eXBlIjoicmVmcmVzaCIsImV4cCI6MTc3MzQyMTkxNiwiaWF0IjoxNzczMzM1NTE2LCJqdGkiOiIxNThkZDI3Y2QzMzU0YzY1ODA4NmQ5MDE3ZjQzMmIzZSIsInVzZXJfaWQiOiIyIn0.Ox4Fc6CAu2YJeJadBNBTau1Sm9ucD-77gUqq4zh40B4	2026-03-12 17:11:56.747446+00	2026-03-13 17:11:56+00	2	158dd27cd3354c658086d9017f432b3e
67	eyJhbGciOiJIUzI1NiIsInR5cCI6IkpXVCJ9.eyJ0b2tlbl90eXBlIjoicmVmcmVzaCIsImV4cCI6MTc3MzQyMTk0MywiaWF0IjoxNzczMzM1NTQzLCJqdGkiOiIxMGNiMzc4NzNkNTA0NDJiODdiMTVmNjM5MjJmMTBjOSIsInVzZXJfaWQiOiIyIn0.hCqLznGzEd3zHgSYf5e94lL5qiECk7NDnoMk_E24I2E	2026-03-12 17:12:23.783055+00	2026-03-13 17:12:23+00	2	10cb37873d50442b87b15f63922f10c9
68	eyJhbGciOiJIUzI1NiIsInR5cCI6IkpXVCJ9.eyJ0b2tlbl90eXBlIjoicmVmcmVzaCIsImV4cCI6MTc3MzQyNjYxNywiaWF0IjoxNzczMzQwMjE3LCJqdGkiOiI3YmU5ODk0OTc1ZmU0YjAwYjRiMDVmNWYzOWVjNWE0MiIsInVzZXJfaWQiOiIyIn0.yhGE2g0l8hlzjuQnXo3MYx7A9K538I9PqmwIIwdXqLU	2026-03-12 18:30:17.940445+00	2026-03-13 18:30:17+00	2	7be9894975fe4b00b4b05f5f39ec5a42
69	eyJhbGciOiJIUzI1NiIsInR5cCI6IkpXVCJ9.eyJ0b2tlbl90eXBlIjoicmVmcmVzaCIsImV4cCI6MTc3MzQyNjYxNywiaWF0IjoxNzczMzQwMjE3LCJqdGkiOiI2ZTFhYTQ5ZDliNWQ0NzJlYjc4OGQ5ZTAyMTE5YmY3NyIsInVzZXJfaWQiOiIyIn0.NiAsy5x7r4gJSWcsFCPW2ygBFcYNlfEQlOfFIVKakxk	2026-03-12 18:30:17.983503+00	2026-03-13 18:30:17+00	2	6e1aa49d9b5d472eb788d9e02119bf77
70	eyJhbGciOiJIUzI1NiIsInR5cCI6IkpXVCJ9.eyJ0b2tlbl90eXBlIjoicmVmcmVzaCIsImV4cCI6MTc3MzQyNjgyNywiaWF0IjoxNzczMzQwNDI3LCJqdGkiOiJhZGUzOTQ4N2M0ODE0NDk2ODY1OTJmMjdmZWQxZjc2MSIsInVzZXJfaWQiOiIyIn0.9FHMGSD_RqeG3tnwUYe_GwRzTeMFffxiRBghHIXmr0o	2026-03-12 18:33:47.209429+00	2026-03-13 18:33:47+00	2	ade39487c481449686592f27fed1f761
71	eyJhbGciOiJIUzI1NiIsInR5cCI6IkpXVCJ9.eyJ0b2tlbl90eXBlIjoicmVmcmVzaCIsImV4cCI6MTc3MzQyNjgyNywiaWF0IjoxNzczMzQwNDI3LCJqdGkiOiIyNGEyNTM0MTUzNjU0ZjgyOGUzODU5NzExODE4MzE2MiIsInVzZXJfaWQiOiIyIn0.IWG5wmzZMiCyFkp0vOE26AA6aQnzIcNbI_y-zACQpVk	2026-03-12 18:33:47.184668+00	2026-03-13 18:33:47+00	2	24a2534153654f828e38597118183162
72	eyJhbGciOiJIUzI1NiIsInR5cCI6IkpXVCJ9.eyJ0b2tlbl90eXBlIjoicmVmcmVzaCIsImV4cCI6MTc3MzQyNjkxOSwiaWF0IjoxNzczMzQwNTE5LCJqdGkiOiI1YTI2MmMzNmM3Mjk0ZjZlODQ1MDExMjc2MjcyODVmMiIsInVzZXJfaWQiOiIyIn0.XnRh-X8n0Elhat1_9Y4WwmPqelZoYuXqib_QzOzCksw	2026-03-12 18:35:19.987742+00	2026-03-13 18:35:19+00	2	5a262c36c7294f6e84501127627285f2
73	eyJhbGciOiJIUzI1NiIsInR5cCI6IkpXVCJ9.eyJ0b2tlbl90eXBlIjoicmVmcmVzaCIsImV4cCI6MTc3MzQyNjkyMCwiaWF0IjoxNzczMzQwNTIwLCJqdGkiOiJiYmFmYzFjMjM5ZGM0MDEwOGQwMTVjZmQ0ZDdhY2ExZCIsInVzZXJfaWQiOiIyIn0.Vwr-jBVT2VZ_3EnjTCw9cghqFOb8UvQcBb7kz8EaWI4	2026-03-12 18:35:20.003394+00	2026-03-13 18:35:20+00	2	bbafc1c239dc40108d015cfd4d7aca1d
74	eyJhbGciOiJIUzI1NiIsInR5cCI6IkpXVCJ9.eyJ0b2tlbl90eXBlIjoicmVmcmVzaCIsImV4cCI6MTc3MzQyNzAyNCwiaWF0IjoxNzczMzQwNjI0LCJqdGkiOiI4YWQ0OWVjMTM5OGE0NjhhYmIzOTc4MTFkOTA3YjQ1YyIsInVzZXJfaWQiOiIyIn0.gic9gceewcCDpILJ3zYIhJqAV4i7J12pMAuqg--1jNA	2026-03-12 18:37:04.034844+00	2026-03-13 18:37:04+00	2	8ad49ec1398a468abb397811d907b45c
75	eyJhbGciOiJIUzI1NiIsInR5cCI6IkpXVCJ9.eyJ0b2tlbl90eXBlIjoicmVmcmVzaCIsImV4cCI6MTc3MzQyNzA2MSwiaWF0IjoxNzczMzQwNjYxLCJqdGkiOiJkM2Y0OWMxODcyNzU0NGJmYjMzNDNjNzBiYWMwMTEzZiIsInVzZXJfaWQiOiIzIn0.njgfBpE1LuQiTn-s80NtsE2NtYuKAdRRLEIz-oYcbQ0	2026-03-12 18:37:41.852748+00	2026-03-13 18:37:41+00	3	d3f49c18727544bfb3343c70bac0113f
76	eyJhbGciOiJIUzI1NiIsInR5cCI6IkpXVCJ9.eyJ0b2tlbl90eXBlIjoicmVmcmVzaCIsImV4cCI6MTc3MzQyNzE5MywiaWF0IjoxNzczMzQwNzkzLCJqdGkiOiJmMmYwNjEzNGFmNzI0ZWNiYmNkNGVhNGJhN2M0ZGVlNCIsInVzZXJfaWQiOiIzIn0.29neFuFI6GozWIOKMWoWuvhof6U1FHl5FMzVvYZiJeg	2026-03-12 18:39:53.450977+00	2026-03-13 18:39:53+00	3	f2f06134af724ecbbcd4ea4ba7c4dee4
77	eyJhbGciOiJIUzI1NiIsInR5cCI6IkpXVCJ9.eyJ0b2tlbl90eXBlIjoicmVmcmVzaCIsImV4cCI6MTc3MzQyNzUwOSwiaWF0IjoxNzczMzQxMTA5LCJqdGkiOiI3ZmMzODk3ODg3MDc0Y2M4ODE0Y2M0N2ZmNmViNDVjNSIsInVzZXJfaWQiOiIzIn0.PClelxzvx2tOhbm0hnk5qM-ovh4ucR0jSat0QwgsFCE	2026-03-12 18:45:09.769544+00	2026-03-13 18:45:09+00	3	7fc3897887074cc8814cc47ff6eb45c5
78	eyJhbGciOiJIUzI1NiIsInR5cCI6IkpXVCJ9.eyJ0b2tlbl90eXBlIjoicmVmcmVzaCIsImV4cCI6MTc3MzQyNzUyMywiaWF0IjoxNzczMzQxMTIzLCJqdGkiOiI4OWUxOWRkMTE0ZTY0ZTcxOGJlMDcyYTA2ZDZiZjViMiIsInVzZXJfaWQiOiIzIn0.5Pw7sNMBrrDefC06IeWXr8hBS-L3dRpNRrc1RfZZkN4	2026-03-12 18:45:23.715029+00	2026-03-13 18:45:23+00	3	89e19dd114e64e718be072a06d6bf5b2
79	eyJhbGciOiJIUzI1NiIsInR5cCI6IkpXVCJ9.eyJ0b2tlbl90eXBlIjoicmVmcmVzaCIsImV4cCI6MTc3MzQyNzYxMCwiaWF0IjoxNzczMzQxMjEwLCJqdGkiOiIwMTNmYWQ0NTBmOTc0OWNmODAxOWQ3NGM3NjhhZmNhZiIsInVzZXJfaWQiOiIzIn0._HBb1E62kQlGoz4y_hIZla6VQA_8vaM33N0-tR_Z92I	2026-03-12 18:46:50.98954+00	2026-03-13 18:46:50+00	3	013fad450f9749cf8019d74c768afcaf
80	eyJhbGciOiJIUzI1NiIsInR5cCI6IkpXVCJ9.eyJ0b2tlbl90eXBlIjoicmVmcmVzaCIsImV4cCI6MTc3MzQyNzYxMCwiaWF0IjoxNzczMzQxMjEwLCJqdGkiOiI4MTdmMzI4YzA3ODk0ZTI2OWM3OTE5NGZjYTliYmM4YyIsInVzZXJfaWQiOiIzIn0.l-0q8R9Aze30aRAQXDKvT7Cd7lOZm9YawNb-TFsCiAs	2026-03-12 18:46:50.996817+00	2026-03-13 18:46:50+00	3	817f328c07894e269c79194fca9bbc8c
81	eyJhbGciOiJIUzI1NiIsInR5cCI6IkpXVCJ9.eyJ0b2tlbl90eXBlIjoicmVmcmVzaCIsImV4cCI6MTc3MzQyNzgyNiwiaWF0IjoxNzczMzQxNDI2LCJqdGkiOiI5ZDYzODk0YTcwYTQ0MTQzYWYzNzE3ZjRlM2Q3OWQ1ZSIsInVzZXJfaWQiOiIzIn0.CYp4mX2ZGqK6FRV-Fs4u3iVdBR8vN9XN3A1DiSk8bKs	2026-03-12 18:50:26.243401+00	2026-03-13 18:50:26+00	3	9d63894a70a44143af3717f4e3d79d5e
82	eyJhbGciOiJIUzI1NiIsInR5cCI6IkpXVCJ9.eyJ0b2tlbl90eXBlIjoicmVmcmVzaCIsImV4cCI6MTc3MzQyNzgyNiwiaWF0IjoxNzczMzQxNDI2LCJqdGkiOiI2MzY0OWYzODI3MGM0OTk3YTg1NzY2NDE2YzMzMmJlMiIsInVzZXJfaWQiOiIzIn0.MCLQ4h-YJd9gS7PMgZfN_ZwIywpiZa7AsqZRETkbads	2026-03-12 18:50:26.255442+00	2026-03-13 18:50:26+00	3	63649f38270c4997a85766416c332be2
83	eyJhbGciOiJIUzI1NiIsInR5cCI6IkpXVCJ9.eyJ0b2tlbl90eXBlIjoicmVmcmVzaCIsImV4cCI6MTc3MzQyODQ4MywiaWF0IjoxNzczMzQyMDgzLCJqdGkiOiIxYzdhZmVjMzgyMWM0ZjA3YWZiODVmYmRlYzI4ZWZkMSIsInVzZXJfaWQiOiIzIn0.G67qK0kBbtCuretCyoukh92dGH7nw3DFCKPOdlKbFqQ	2026-03-12 19:01:23.775364+00	2026-03-13 19:01:23+00	3	1c7afec3821c4f07afb85fbdec28efd1
84	eyJhbGciOiJIUzI1NiIsInR5cCI6IkpXVCJ9.eyJ0b2tlbl90eXBlIjoicmVmcmVzaCIsImV4cCI6MTc3MzQyODQ4MywiaWF0IjoxNzczMzQyMDgzLCJqdGkiOiJiZmMxZjZmZDE5MDg0YjA1ODY4MWZkNzczZTkyY2MwOSIsInVzZXJfaWQiOiIzIn0.kkhUiRwcga5pOtWjMRMUTiIVePOS0MncBA7kYILv4Vo	2026-03-12 19:01:23.790762+00	2026-03-13 19:01:23+00	3	bfc1f6fd19084b058681fd773e92cc09
85	eyJhbGciOiJIUzI1NiIsInR5cCI6IkpXVCJ9.eyJ0b2tlbl90eXBlIjoicmVmcmVzaCIsImV4cCI6MTc3MzQyODYyNCwiaWF0IjoxNzczMzQyMjI0LCJqdGkiOiI0NjM0MGQwNWM5YmI0ODBhYmY1YWUxNzk1MjljNTEwYiIsInVzZXJfaWQiOiIzIn0.KURBX66npYAgYNkj4kKGrOAoo-srJ_Uut1_I2aLZUwM	2026-03-12 19:03:44.076584+00	2026-03-13 19:03:44+00	3	46340d05c9bb480abf5ae179529c510b
86	eyJhbGciOiJIUzI1NiIsInR5cCI6IkpXVCJ9.eyJ0b2tlbl90eXBlIjoicmVmcmVzaCIsImV4cCI6MTc3MzQyODYyNCwiaWF0IjoxNzczMzQyMjI0LCJqdGkiOiIwOWU1ZjNlNTVjYWM0ZjY2YjNkZWNiZmEyN2E0NWIyZiIsInVzZXJfaWQiOiIzIn0.MgO_ZUn4O18nNIpbynro7zCdi8ygQq3UwSamJ6JHUv4	2026-03-12 19:03:44.109432+00	2026-03-13 19:03:44+00	3	09e5f3e55cac4f66b3decbfa27a45b2f
87	eyJhbGciOiJIUzI1NiIsInR5cCI6IkpXVCJ9.eyJ0b2tlbl90eXBlIjoicmVmcmVzaCIsImV4cCI6MTc3MzQyODcxNSwiaWF0IjoxNzczMzQyMzE1LCJqdGkiOiI3ZTI5YTE5ODU0N2U0N2IxOTUzOTU5YmRkM2JkNjNmZSIsInVzZXJfaWQiOiIzIn0.RIaIY31ea6OXZwyqPvbh7l44v2Bkbaet4EkIKQX6B10	2026-03-12 19:05:15.939015+00	2026-03-13 19:05:15+00	3	7e29a198547e47b1953959bdd3bd63fe
88	eyJhbGciOiJIUzI1NiIsInR5cCI6IkpXVCJ9.eyJ0b2tlbl90eXBlIjoicmVmcmVzaCIsImV4cCI6MTc3MzQyODcxNSwiaWF0IjoxNzczMzQyMzE1LCJqdGkiOiIyODM0NzQ3ZjAzNWM0NGMzYjQ5NzVmMmI5ZmIwZTU5YSIsInVzZXJfaWQiOiIzIn0.4rwe_nt9Fx2X64DJieKiD8SuSFvUD_lFgscVN6bhFtk	2026-03-12 19:05:15.952221+00	2026-03-13 19:05:15+00	3	2834747f035c44c3b4975f2b9fb0e59a
89	eyJhbGciOiJIUzI1NiIsInR5cCI6IkpXVCJ9.eyJ0b2tlbl90eXBlIjoicmVmcmVzaCIsImV4cCI6MTc3MzQyOTM3OSwiaWF0IjoxNzczMzQyOTc5LCJqdGkiOiIxMmUzNjkzZDE2ZGU0Mzg3OGZlNDIxN2I0YTZiMjA1YiIsInVzZXJfaWQiOiIzIn0.Czdja2N48ImIyxEQbYXgt1lbvd7Uh0ISGtJmzlrwT8c	2026-03-12 19:16:19.13918+00	2026-03-13 19:16:19+00	3	12e3693d16de43878fe4217b4a6b205b
90	eyJhbGciOiJIUzI1NiIsInR5cCI6IkpXVCJ9.eyJ0b2tlbl90eXBlIjoicmVmcmVzaCIsImV4cCI6MTc3MzQyOTM3OSwiaWF0IjoxNzczMzQyOTc5LCJqdGkiOiJiN2FhZDA0NTVkZWU0MzU4YjUwZDQ2Nzk4MGMxNzBjYiIsInVzZXJfaWQiOiIzIn0.Sk_PloHz8FzBvLE_A00siNxphO4m_-n8PMiy448iub0	2026-03-12 19:16:19.127338+00	2026-03-13 19:16:19+00	3	b7aad0455dee4358b50d467980c170cb
91	eyJhbGciOiJIUzI1NiIsInR5cCI6IkpXVCJ9.eyJ0b2tlbl90eXBlIjoicmVmcmVzaCIsImV4cCI6MTc3MzQzMTA2MywiaWF0IjoxNzczMzQ0NjYzLCJqdGkiOiJlNmUxYjA0N2MyOGE0ZjhhOWJmMWI2YWRiNTQyNzNhNSIsInVzZXJfaWQiOiIzIn0.aGs8CKaC0YwG2VFEdQSdSsRwJ07dwkH7kf_OFto1HSs	2026-03-12 19:44:23.4559+00	2026-03-13 19:44:23+00	3	e6e1b047c28a4f8a9bf1b6adb54273a5
92	eyJhbGciOiJIUzI1NiIsInR5cCI6IkpXVCJ9.eyJ0b2tlbl90eXBlIjoicmVmcmVzaCIsImV4cCI6MTc3MzQzMTA2MywiaWF0IjoxNzczMzQ0NjYzLCJqdGkiOiI5MjFlYjQ2N2M1ZDE0ZDAyODY0MzZjZTQ3OTRjMTcyYiIsInVzZXJfaWQiOiIzIn0.DFJkcLxJ5uMXxgmCVHB-LdYmlyy4CzvZD9mu7p5frFo	2026-03-12 19:44:23.452989+00	2026-03-13 19:44:23+00	3	921eb467c5d14d0286436ce4794c172b
93	eyJhbGciOiJIUzI1NiIsInR5cCI6IkpXVCJ9.eyJ0b2tlbl90eXBlIjoicmVmcmVzaCIsImV4cCI6MTc3MzQzMTM4MSwiaWF0IjoxNzczMzQ0OTgxLCJqdGkiOiI5OTE1OTdjM2RlOGU0ZDIwYWYwNTcxY2QxN2VmMTlhNyIsInVzZXJfaWQiOiIzIn0.a9JtboeP8q4VkCAjxPrBIOECxTRS6M6UlboxSpCbd54	2026-03-12 19:49:41.019218+00	2026-03-13 19:49:41+00	3	991597c3de8e4d20af0571cd17ef19a7
94	eyJhbGciOiJIUzI1NiIsInR5cCI6IkpXVCJ9.eyJ0b2tlbl90eXBlIjoicmVmcmVzaCIsImV4cCI6MTc3MzQzMTM4MSwiaWF0IjoxNzczMzQ0OTgxLCJqdGkiOiI4ZGU3ODM4OWNlNGI0YmUwODE4MmFiY2FkYmM1ZWI2NCIsInVzZXJfaWQiOiIzIn0.nQ6lZMWv7IYNx7KYUOSCPGh0VLk4Yem6g0VCJ4v9HTk	2026-03-12 19:49:41.021982+00	2026-03-13 19:49:41+00	3	8de78389ce4b4be08182abcadbc5eb64
95	eyJhbGciOiJIUzI1NiIsInR5cCI6IkpXVCJ9.eyJ0b2tlbl90eXBlIjoicmVmcmVzaCIsImV4cCI6MTc3MzQzMTU1OSwiaWF0IjoxNzczMzQ1MTU5LCJqdGkiOiJkNWUxYjg1NzFjMWE0YjgzYjAwMDI1YzE5ZTZjYzExZSIsInVzZXJfaWQiOiIzIn0._Fb4qI92kg2UWuCHqCsBiMeSs5umD-BuF4qf-wxNM30	2026-03-12 19:52:39.629226+00	2026-03-13 19:52:39+00	3	d5e1b8571c1a4b83b00025c19e6cc11e
96	eyJhbGciOiJIUzI1NiIsInR5cCI6IkpXVCJ9.eyJ0b2tlbl90eXBlIjoicmVmcmVzaCIsImV4cCI6MTc3MzQzMTU1OSwiaWF0IjoxNzczMzQ1MTU5LCJqdGkiOiJmOWM1Y2RmZTNmZjg0NDI2YmE3N2Q4Y2EwOTRkODdlNCIsInVzZXJfaWQiOiIzIn0.SQAUudHJ-oqWPQeSVwTae9tw8smr2w6_S2Z0xxmPL-s	2026-03-12 19:52:39.672049+00	2026-03-13 19:52:39+00	3	f9c5cdfe3ff84426ba77d8ca094d87e4
97	eyJhbGciOiJIUzI1NiIsInR5cCI6IkpXVCJ9.eyJ0b2tlbl90eXBlIjoicmVmcmVzaCIsImV4cCI6MTc3MzQzMTY4NCwiaWF0IjoxNzczMzQ1Mjg0LCJqdGkiOiI4MGY3M2Q4ZTljNGY0ODllOWEwMDQwMGE2Y2JmMjc5NSIsInVzZXJfaWQiOiIzIn0.zGzjbR3hlDDv8RTb-zOgQ0pN1KfJUoS9LbLIeNtOPeQ	2026-03-12 19:54:44.624765+00	2026-03-13 19:54:44+00	3	80f73d8e9c4f489e9a00400a6cbf2795
98	eyJhbGciOiJIUzI1NiIsInR5cCI6IkpXVCJ9.eyJ0b2tlbl90eXBlIjoicmVmcmVzaCIsImV4cCI6MTc3MzQzMjIwNSwiaWF0IjoxNzczMzQ1ODA1LCJqdGkiOiI2N2VmMjliNDlmYjk0NGExYWE0ZTg4MWRiNmQ4MGIzMyIsInVzZXJfaWQiOiIzIn0.efGbWP8sZta9HlIXlDi7quxgS-BQNKSRb2oLsNsSzsM	2026-03-12 20:03:25.257155+00	2026-03-13 20:03:25+00	3	67ef29b49fb944a1aa4e881db6d80b33
99	eyJhbGciOiJIUzI1NiIsInR5cCI6IkpXVCJ9.eyJ0b2tlbl90eXBlIjoicmVmcmVzaCIsImV4cCI6MTc3MzQzMjMyNSwiaWF0IjoxNzczMzQ1OTI1LCJqdGkiOiI0NzU5ODIzZDUyZmE0NzAzOTk2YmRkY2EyZDM3NzI0NyIsInVzZXJfaWQiOiIzIn0.x8ejwEd2iFTYUQsURixUeyjs3sKhduWsPTuYkWklGPw	2026-03-12 20:05:25.846127+00	2026-03-13 20:05:25+00	3	4759823d52fa4703996bddca2d377247
100	eyJhbGciOiJIUzI1NiIsInR5cCI6IkpXVCJ9.eyJ0b2tlbl90eXBlIjoicmVmcmVzaCIsImV4cCI6MTc3MzQzMjMyNSwiaWF0IjoxNzczMzQ1OTI1LCJqdGkiOiI5YmNiMjQ5YWE0MzI0M2FjODBkMzQ0YTFjM2Y5NWY2ZSIsInVzZXJfaWQiOiIzIn0.D0MLzr-hMsYesXQ3V_1QYXJ5pu28o_YNDJxMADtcMYY	2026-03-12 20:05:25.839116+00	2026-03-13 20:05:25+00	3	9bcb249aa43243ac80d344a1c3f95f6e
101	eyJhbGciOiJIUzI1NiIsInR5cCI6IkpXVCJ9.eyJ0b2tlbl90eXBlIjoicmVmcmVzaCIsImV4cCI6MTc3MzQzMjQxOSwiaWF0IjoxNzczMzQ2MDE5LCJqdGkiOiJlMWQxMTdhYmNmZjc0NjFiYmMxZTE5NmYyNmNhYTJlZSIsInVzZXJfaWQiOiIzIn0.w1q0Fvz23HvRVAmLQO-zJqw4S514bVx38woGaCGWf4U	2026-03-12 20:06:59.688228+00	2026-03-13 20:06:59+00	3	e1d117abcff7461bbc1e196f26caa2ee
102	eyJhbGciOiJIUzI1NiIsInR5cCI6IkpXVCJ9.eyJ0b2tlbl90eXBlIjoicmVmcmVzaCIsImV4cCI6MTc3MzQzMjc4MiwiaWF0IjoxNzczMzQ2MzgyLCJqdGkiOiJjMGI0MmEzMjJkZjQ0MjdjYWIyMWFlOWEyM2I5MjYyNSIsInVzZXJfaWQiOiIzIn0.NxPUNHDX7JjTGI7AgoaHCOUmbdXNMMoerXBsaicBD1k	2026-03-12 20:13:02.095152+00	2026-03-13 20:13:02+00	3	c0b42a322df4427cab21ae9a23b92625
103	eyJhbGciOiJIUzI1NiIsInR5cCI6IkpXVCJ9.eyJ0b2tlbl90eXBlIjoicmVmcmVzaCIsImV4cCI6MTc3MzQzMjk1NSwiaWF0IjoxNzczMzQ2NTU1LCJqdGkiOiI0MGYxMTFjZjJlNDI0ZDk5YTVhN2FlM2Y4ZDIwYzY1ZiIsInVzZXJfaWQiOiIzIn0.hVNfH5qTABRxlJmIlo9aqSWB5tnee-7MufgdOCWCWHQ	2026-03-12 20:15:55.31089+00	2026-03-13 20:15:55+00	3	40f111cf2e424d99a5a7ae3f8d20c65f
104	eyJhbGciOiJIUzI1NiIsInR5cCI6IkpXVCJ9.eyJ0b2tlbl90eXBlIjoicmVmcmVzaCIsImV4cCI6MTc3MzQzMjk1NSwiaWF0IjoxNzczMzQ2NTU1LCJqdGkiOiI2NjA1NGYxZWU2MTg0ODQ1YjEwZmRlZWMwYjlmYzA0NCIsInVzZXJfaWQiOiIzIn0.4H1AoT2c0Pa8skv8FG0w4pq3j4LwPUM9NjEFMpPkXNE	2026-03-12 20:15:55.299728+00	2026-03-13 20:15:55+00	3	66054f1ee6184845b10fdeec0b9fc044
105	eyJhbGciOiJIUzI1NiIsInR5cCI6IkpXVCJ9.eyJ0b2tlbl90eXBlIjoicmVmcmVzaCIsImV4cCI6MTc3MzQzMzAxNSwiaWF0IjoxNzczMzQ2NjE1LCJqdGkiOiI1ZGMzM2VlOGE0Zjk0OTRiYjQ0ZWE5NmMxMmMwYjk3NyIsInVzZXJfaWQiOiIzIn0.qbQHbCUxzZMHdHbc7kcZpwE7TKOLKgqZYb7QZq3fSuk	2026-03-12 20:16:55.763397+00	2026-03-13 20:16:55+00	3	5dc33ee8a4f9494bb44ea96c12c0b977
106	eyJhbGciOiJIUzI1NiIsInR5cCI6IkpXVCJ9.eyJ0b2tlbl90eXBlIjoicmVmcmVzaCIsImV4cCI6MTc3MzQzMzAxNSwiaWF0IjoxNzczMzQ2NjE1LCJqdGkiOiIwZGFjZmU5ZjgzZGU0ZDVlODRiN2JlNThhMTRmNzNmMiIsInVzZXJfaWQiOiIzIn0.04GuYtY4m18f_SC5D7R3LBdoqjOMyuByWr-QcPFXJ_w	2026-03-12 20:16:55.779864+00	2026-03-13 20:16:55+00	3	0dacfe9f83de4d5e84b7be58a14f73f2
107	eyJhbGciOiJIUzI1NiIsInR5cCI6IkpXVCJ9.eyJ0b2tlbl90eXBlIjoicmVmcmVzaCIsImV4cCI6MTc3MzQzMzY2MiwiaWF0IjoxNzczMzQ3MjYyLCJqdGkiOiIxOGRkYzYwZjc5Y2Q0YjIzOTc2Mjc5OTFlZjdjMjE1NCIsInVzZXJfaWQiOiIzIn0.5h8jgB6yFYilWkarHQb7f1iuSwVBB3xAA3FEggxcQoo	2026-03-12 20:27:42.328733+00	2026-03-13 20:27:42+00	3	18ddc60f79cd4b2397627991ef7c2154
108	eyJhbGciOiJIUzI1NiIsInR5cCI6IkpXVCJ9.eyJ0b2tlbl90eXBlIjoicmVmcmVzaCIsImV4cCI6MTc3MzQzMzY2MiwiaWF0IjoxNzczMzQ3MjYyLCJqdGkiOiI0NDQ0OTJkMzMyMWM0YTlhYjQyMzk3NGJhYTkzNzJmYyIsInVzZXJfaWQiOiIzIn0.e2B_OAXBJrYKAPupNJ_iAquKwV5RGvp8TejLpcF8dYw	2026-03-12 20:27:42.337242+00	2026-03-13 20:27:42+00	3	444492d3321c4a9ab423974baa9372fc
109	eyJhbGciOiJIUzI1NiIsInR5cCI6IkpXVCJ9.eyJ0b2tlbl90eXBlIjoicmVmcmVzaCIsImV4cCI6MTc3MzQzMzc1MCwiaWF0IjoxNzczMzQ3MzUwLCJqdGkiOiI2Nzk2NmFlNGQ1NGI0ZGRmYjgxMDc1M2Y3YjQ2OTljOSIsInVzZXJfaWQiOiIzIn0.bSjAR0bZNL2rInS7UAs6pXGUsjzZl88A-NLxBxU029A	2026-03-12 20:29:10.448652+00	2026-03-13 20:29:10+00	3	67966ae4d54b4ddfb810753f7b4699c9
110	eyJhbGciOiJIUzI1NiIsInR5cCI6IkpXVCJ9.eyJ0b2tlbl90eXBlIjoicmVmcmVzaCIsImV4cCI6MTc3MzQzMzc1MCwiaWF0IjoxNzczMzQ3MzUwLCJqdGkiOiJmOTFlOGZlMGRkOGE0YjI5YTljN2I0ZjUzYWMyMjJhOSIsInVzZXJfaWQiOiIzIn0.tszFNC_Zg6xPA2qdBBQot3op3zlp4i4hyD8W9pr4jHg	2026-03-12 20:29:10.45635+00	2026-03-13 20:29:10+00	3	f91e8fe0dd8a4b29a9c7b4f53ac222a9
111	eyJhbGciOiJIUzI1NiIsInR5cCI6IkpXVCJ9.eyJ0b2tlbl90eXBlIjoicmVmcmVzaCIsImV4cCI6MTc3MzQzMzgyMCwiaWF0IjoxNzczMzQ3NDIwLCJqdGkiOiI5NDBjNzgxNmQwMDQ0YmQ5ODhjZWM4NWViMjBmMTJmMyIsInVzZXJfaWQiOiIzIn0.83iHfI8o409n8jBro7B5gD9r47xOxfnR7Nrl_BLk6-k	2026-03-12 20:30:20.851416+00	2026-03-13 20:30:20+00	3	940c7816d0044bd988cec85eb20f12f3
112	eyJhbGciOiJIUzI1NiIsInR5cCI6IkpXVCJ9.eyJ0b2tlbl90eXBlIjoicmVmcmVzaCIsImV4cCI6MTc3MzQzMzgyMCwiaWF0IjoxNzczMzQ3NDIwLCJqdGkiOiI4MTcxNTZjZmIwODA0Njk1YmEwNmFlMGQ4YzUyOWYxNSIsInVzZXJfaWQiOiIzIn0.29vvXMVu7JwknXf86d2DPKH2J5FNGuhKMeO1vm7EuDo	2026-03-12 20:30:20.858213+00	2026-03-13 20:30:20+00	3	817156cfb0804695ba06ae0d8c529f15
113	eyJhbGciOiJIUzI1NiIsInR5cCI6IkpXVCJ9.eyJ0b2tlbl90eXBlIjoicmVmcmVzaCIsImV4cCI6MTc3MzQzMzk5MywiaWF0IjoxNzczMzQ3NTkzLCJqdGkiOiJiZDRlYzE0MGU3ZGY0Zjk5YjY5YjdkY2QzNTdhMWNmNCIsInVzZXJfaWQiOiIzIn0.qxmV4d05QN_Yo2VII-Hp-8mpejbbx6WqMrMNGZd82Kw	2026-03-12 20:33:13.286531+00	2026-03-13 20:33:13+00	3	bd4ec140e7df4f99b69b7dcd357a1cf4
114	eyJhbGciOiJIUzI1NiIsInR5cCI6IkpXVCJ9.eyJ0b2tlbl90eXBlIjoicmVmcmVzaCIsImV4cCI6MTc3MzQzMzk5MywiaWF0IjoxNzczMzQ3NTkzLCJqdGkiOiJkMjcxYTk5NTMxNGU0MTVmYjIyODJmYjUzYzllMmZiMiIsInVzZXJfaWQiOiIzIn0.VNltWGD9r3CxK5E7ELwZfIRQACT7zh7sp8LoHFmeOGI	2026-03-12 20:33:13.243966+00	2026-03-13 20:33:13+00	3	d271a995314e415fb2282fb53c9e2fb2
115	eyJhbGciOiJIUzI1NiIsInR5cCI6IkpXVCJ9.eyJ0b2tlbl90eXBlIjoicmVmcmVzaCIsImV4cCI6MTc3MzQzNDA3NywiaWF0IjoxNzczMzQ3Njc3LCJqdGkiOiJlMzE1ZDFiNGMzMTE0MWM2YTlhNmExMGIwNWMzNmYzOSIsInVzZXJfaWQiOiIzIn0.19vlQUqlbQY_NqF6Wh-uexP1ddQPIE9fj026piOubOU	2026-03-12 20:34:37.647105+00	2026-03-13 20:34:37+00	3	e315d1b4c31141c6a9a6a10b05c36f39
116	eyJhbGciOiJIUzI1NiIsInR5cCI6IkpXVCJ9.eyJ0b2tlbl90eXBlIjoicmVmcmVzaCIsImV4cCI6MTc3MzQzNDA3NywiaWF0IjoxNzczMzQ3Njc3LCJqdGkiOiJmOGYxMDFlYWFlNzA0Mjg3OTYwYmZlODhmODlkNzdhMCIsInVzZXJfaWQiOiIzIn0.QWwSuQ34RdFtT9if1E9RT9HJIyPlAO8gNz8txLUvXRQ	2026-03-12 20:34:37.664046+00	2026-03-13 20:34:37+00	3	f8f101eaae704287960bfe88f89d77a0
117	eyJhbGciOiJIUzI1NiIsInR5cCI6IkpXVCJ9.eyJ0b2tlbl90eXBlIjoicmVmcmVzaCIsImV4cCI6MTc3MzQzNDE2MywiaWF0IjoxNzczMzQ3NzYzLCJqdGkiOiJkODQ2M2VjYmZkNzQ0NWNmOGI2ZDljMmNhYmM4ZjIwZCIsInVzZXJfaWQiOiIzIn0.R7z5ToYlzx9LGCmyfM-07hJhtlnpkHJ5VVuYaP9ojrk	2026-03-12 20:36:03.722138+00	2026-03-13 20:36:03+00	3	d8463ecbfd7445cf8b6d9c2cabc8f20d
118	eyJhbGciOiJIUzI1NiIsInR5cCI6IkpXVCJ9.eyJ0b2tlbl90eXBlIjoicmVmcmVzaCIsImV4cCI6MTc3MzQzNDE2MywiaWF0IjoxNzczMzQ3NzYzLCJqdGkiOiJhMzgwMjU4NThhNDc0MmNkODY2MGQyOWJjYjM0MDFjOCIsInVzZXJfaWQiOiIzIn0.pm2N8830dHz0z5wehgTkSC79jXW6w-5IqbEqiM1BVRg	2026-03-12 20:36:03.726785+00	2026-03-13 20:36:03+00	3	a38025858a4742cd8660d29bcb3401c8
119	eyJhbGciOiJIUzI1NiIsInR5cCI6IkpXVCJ9.eyJ0b2tlbl90eXBlIjoicmVmcmVzaCIsImV4cCI6MTc3MzQzNDM3MiwiaWF0IjoxNzczMzQ3OTcyLCJqdGkiOiJjNTJlOTlmNmM0MDE0ODQ4YTY4ZDE4ZjkyMTU3MmNiMiIsInVzZXJfaWQiOiIzIn0.M_3xr920YzssjUlbc2i3nulSQ5JtZolQ-gw1NTF5-4M	2026-03-12 20:39:32.1159+00	2026-03-13 20:39:32+00	3	c52e99f6c4014848a68d18f921572cb2
120	eyJhbGciOiJIUzI1NiIsInR5cCI6IkpXVCJ9.eyJ0b2tlbl90eXBlIjoicmVmcmVzaCIsImV4cCI6MTc3MzQzNDM3MiwiaWF0IjoxNzczMzQ3OTcyLCJqdGkiOiI5NmJkZGRlYmY4NTY0ZWI4ODE3MzJjZTVlNDRlNjA2OCIsInVzZXJfaWQiOiIzIn0.bNjsTLHRZ3rSYfXpgdx0rNynF3oZKdq1Jbf3HJep78o	2026-03-12 20:39:32.0843+00	2026-03-13 20:39:32+00	3	96bdddebf8564eb881732ce5e44e6068
121	eyJhbGciOiJIUzI1NiIsInR5cCI6IkpXVCJ9.eyJ0b2tlbl90eXBlIjoicmVmcmVzaCIsImV4cCI6MTc3MzQzNDQ0MSwiaWF0IjoxNzczMzQ4MDQxLCJqdGkiOiJkMDFkOWFmZDRjNTc0MWZiYmQyODlmYzI1ZjM1OTk2MSIsInVzZXJfaWQiOiIzIn0.H-muRrHP1pWoCPSCeTBWoj5ks7OJjtl9MhThj7AQ9Gs	2026-03-12 20:40:41.349976+00	2026-03-13 20:40:41+00	3	d01d9afd4c5741fbbd289fc25f359961
122	eyJhbGciOiJIUzI1NiIsInR5cCI6IkpXVCJ9.eyJ0b2tlbl90eXBlIjoicmVmcmVzaCIsImV4cCI6MTc3MzQzNDc3MSwiaWF0IjoxNzczMzQ4MzcxLCJqdGkiOiIxNzBlMzJjZjMyNGY0ZTJjYmYwZjRkODBmMmNlNzc4OCIsInVzZXJfaWQiOiIzIn0.823GD1HT6oCWR3L8FlMB-2g8woGD5-beNf74SUkv384	2026-03-12 20:46:11.329652+00	2026-03-13 20:46:11+00	3	170e32cf324f4e2cbf0f4d80f2ce7788
123	eyJhbGciOiJIUzI1NiIsInR5cCI6IkpXVCJ9.eyJ0b2tlbl90eXBlIjoicmVmcmVzaCIsImV4cCI6MTc3MzQzNTAwNywiaWF0IjoxNzczMzQ4NjA3LCJqdGkiOiI1ODNkM2I5MWMwNTA0ZTE2YjgwMTFjYWU4OTM4ZWM5OCIsInVzZXJfaWQiOiIzIn0.-p6LLdwtsLFuurcqpB9elNqzvRP0jeO5WewtbsG7edk	2026-03-12 20:50:07.221179+00	2026-03-13 20:50:07+00	3	583d3b91c0504e16b8011cae8938ec98
124	eyJhbGciOiJIUzI1NiIsInR5cCI6IkpXVCJ9.eyJ0b2tlbl90eXBlIjoicmVmcmVzaCIsImV4cCI6MTc3MzQzNTAwNywiaWF0IjoxNzczMzQ4NjA3LCJqdGkiOiI1OWY4MmU2ZjAwZDE0ODU4ODg5OTcxNDc1ZDQwZjE0MyIsInVzZXJfaWQiOiIzIn0.A-PQMUtuubdqv3XxgdyNThCQfAGZz16AHMlwniPRAVo	2026-03-12 20:50:07.285278+00	2026-03-13 20:50:07+00	3	59f82e6f00d14858889971475d40f143
125	eyJhbGciOiJIUzI1NiIsInR5cCI6IkpXVCJ9.eyJ0b2tlbl90eXBlIjoicmVmcmVzaCIsImV4cCI6MTc3MzQzNTA3MSwiaWF0IjoxNzczMzQ4NjcxLCJqdGkiOiI2NjlmMTM2NmFiMTM0ZWQ2OWI1Njk2Zjc4YjhmMjcxMiIsInVzZXJfaWQiOiIzIn0.gb3GhSqdTcHpBcDX57ry4XDNgMX3afJqHXqCNISc9a8	2026-03-12 20:51:11.356932+00	2026-03-13 20:51:11+00	3	669f1366ab134ed69b5696f78b8f2712
126	eyJhbGciOiJIUzI1NiIsInR5cCI6IkpXVCJ9.eyJ0b2tlbl90eXBlIjoicmVmcmVzaCIsImV4cCI6MTc3MzQzNTA3MSwiaWF0IjoxNzczMzQ4NjcxLCJqdGkiOiI1NDcyODM4ODI5ZTI0MTk3Yjc3NDM4YzdiY2Q4OGNkOSIsInVzZXJfaWQiOiIzIn0.V-qcRqVp3M6aosQiemtOncJof570T7Q81HHldLQ1pz8	2026-03-12 20:51:11.36281+00	2026-03-13 20:51:11+00	3	5472838829e24197b77438c7bcd88cd9
127	eyJhbGciOiJIUzI1NiIsInR5cCI6IkpXVCJ9.eyJ0b2tlbl90eXBlIjoicmVmcmVzaCIsImV4cCI6MTc3MzQzNTE0OCwiaWF0IjoxNzczMzQ4NzQ4LCJqdGkiOiJmOTU5OWI0NDExNDk0YjcyOGE4NzY2YmEyZmNiZDhiNyIsInVzZXJfaWQiOiIzIn0.-atiKGnKAQ1z5Lrcd8ECZBdpCApwJrpvxTf1nvwzHg0	2026-03-12 20:52:28.175686+00	2026-03-13 20:52:28+00	3	f9599b4411494b728a8766ba2fcbd8b7
128	eyJhbGciOiJIUzI1NiIsInR5cCI6IkpXVCJ9.eyJ0b2tlbl90eXBlIjoicmVmcmVzaCIsImV4cCI6MTc3MzQzNTE0OCwiaWF0IjoxNzczMzQ4NzQ4LCJqdGkiOiIzNTE5ZTk4Y2U4N2E0NmY2YTI1Y2RjNmYyMWJmMjQwNiIsInVzZXJfaWQiOiIzIn0.aYnvk_L-VJn7KFbZSoDhGkRk8uDI5IhXiecSVaUwh3s	2026-03-12 20:52:28.194102+00	2026-03-13 20:52:28+00	3	3519e98ce87a46f6a25cdc6f21bf2406
129	eyJhbGciOiJIUzI1NiIsInR5cCI6IkpXVCJ9.eyJ0b2tlbl90eXBlIjoicmVmcmVzaCIsImV4cCI6MTc3MzQzNTI3NCwiaWF0IjoxNzczMzQ4ODc0LCJqdGkiOiI0MTIxYmJhOTg1NTM0MzExOGJhZWUxNDNlODNkY2ViNyIsInVzZXJfaWQiOiIzIn0.ZzfxqwdmrIwOZHEiCEFwfMldZEbHw_-nrDXwt5_zYAk	2026-03-12 20:54:34.285481+00	2026-03-13 20:54:34+00	3	4121bba9855343118baee143e83dceb7
130	eyJhbGciOiJIUzI1NiIsInR5cCI6IkpXVCJ9.eyJ0b2tlbl90eXBlIjoicmVmcmVzaCIsImV4cCI6MTc3MzQzNTI3NCwiaWF0IjoxNzczMzQ4ODc0LCJqdGkiOiJjOGYxYWQyMDVjYzc0OTQ1YTRhODIyYzJmOWU4NTNhNCIsInVzZXJfaWQiOiIzIn0.d4BWwtiffBx2Dnpq-p0f8hBTk27ArpABaKnRmTu9Iq8	2026-03-12 20:54:34.317005+00	2026-03-13 20:54:34+00	3	c8f1ad205cc74945a4a822c2f9e853a4
131	eyJhbGciOiJIUzI1NiIsInR5cCI6IkpXVCJ9.eyJ0b2tlbl90eXBlIjoicmVmcmVzaCIsImV4cCI6MTc3MzQzNTQwNiwiaWF0IjoxNzczMzQ5MDA2LCJqdGkiOiI1MTA3ZDlmN2YwNWI0ZjE0OTQ5NWMzMmI3N2FlNWVhNyIsInVzZXJfaWQiOiIzIn0.l7n4iCDYCk0_n4rPLE9MAj8Ja8MBWYSNcom3h_pQhOs	2026-03-12 20:56:46.58204+00	2026-03-13 20:56:46+00	3	5107d9f7f05b4f149495c32b77ae5ea7
132	eyJhbGciOiJIUzI1NiIsInR5cCI6IkpXVCJ9.eyJ0b2tlbl90eXBlIjoicmVmcmVzaCIsImV4cCI6MTc3MzQzNTQwNiwiaWF0IjoxNzczMzQ5MDA2LCJqdGkiOiI2Mzc2M2QyMjdmYWU0ZDg1OWM3OWJiNmZkZTQ5ZjQyNCIsInVzZXJfaWQiOiIzIn0.Zpry15j3D8yenuXFsbJtppFLy81zbaO5U5gjFsTFnXA	2026-03-12 20:56:46.563432+00	2026-03-13 20:56:46+00	3	63763d227fae4d859c79bb6fde49f424
133	eyJhbGciOiJIUzI1NiIsInR5cCI6IkpXVCJ9.eyJ0b2tlbl90eXBlIjoicmVmcmVzaCIsImV4cCI6MTc3MzQzNTYyOSwiaWF0IjoxNzczMzQ5MjI5LCJqdGkiOiI3ZjFkYWIxMWRiNTI0MzUxYjQ2OTgzYTcyOWIzNjVmZCIsInVzZXJfaWQiOiIzIn0.oQfFyf7JzfQOA69vafiZWM9VstQwTNuTs8FiCND3RfM	2026-03-12 21:00:29.624571+00	2026-03-13 21:00:29+00	3	7f1dab11db524351b46983a729b365fd
134	eyJhbGciOiJIUzI1NiIsInR5cCI6IkpXVCJ9.eyJ0b2tlbl90eXBlIjoicmVmcmVzaCIsImV4cCI6MTc3MzQzNTYyOSwiaWF0IjoxNzczMzQ5MjI5LCJqdGkiOiI0YjlkY2FkNGNmODM0OTk5ODZmYTlkNjFlYzlmYTlhZCIsInVzZXJfaWQiOiIzIn0.LeXn2ILbv17u39Duh_DwGZoNHR_GU20ElM8vaWZArxE	2026-03-12 21:00:29.6339+00	2026-03-13 21:00:29+00	3	4b9dcad4cf83499986fa9d61ec9fa9ad
135	eyJhbGciOiJIUzI1NiIsInR5cCI6IkpXVCJ9.eyJ0b2tlbl90eXBlIjoicmVmcmVzaCIsImV4cCI6MTc3MzQzNTcyNiwiaWF0IjoxNzczMzQ5MzI2LCJqdGkiOiI1MzgyM2FjZDQzMGQ0OTljYjYyOTkzMjE5YTU2MTkxMSIsInVzZXJfaWQiOiIzIn0.0LRiu9Ui_ZUFtBA5H8Qo7upRKAKSfU7_WpKf6uzAsaU	2026-03-12 21:02:06.337586+00	2026-03-13 21:02:06+00	3	53823acd430d499cb62993219a561911
136	eyJhbGciOiJIUzI1NiIsInR5cCI6IkpXVCJ9.eyJ0b2tlbl90eXBlIjoicmVmcmVzaCIsImV4cCI6MTc3MzQzNTcyNiwiaWF0IjoxNzczMzQ5MzI2LCJqdGkiOiI4NzhiNzc5MGQwODE0NjVkODkwNDE1NDE4MzA2NjYxNyIsInVzZXJfaWQiOiIzIn0.1-yLVqRq9vSfZlqH1csfb0lSIv-Ey14Kq1_G6u0orSs	2026-03-12 21:02:06.326931+00	2026-03-13 21:02:06+00	3	878b7790d081465d8904154183066617
137	eyJhbGciOiJIUzI1NiIsInR5cCI6IkpXVCJ9.eyJ0b2tlbl90eXBlIjoicmVmcmVzaCIsImV4cCI6MTc3MzQzNTg0NCwiaWF0IjoxNzczMzQ5NDQ0LCJqdGkiOiI1NmI0MTJhMjY3MTY0YzZjYmUxMjU0NTM3ODgwYzU1NSIsInVzZXJfaWQiOiIzIn0.Ipk2PytjQsVX0fL0p02rp0Nr6qrXYL-nsMyYdO1pIYs	2026-03-12 21:04:04.102943+00	2026-03-13 21:04:04+00	3	56b412a267164c6cbe1254537880c555
138	eyJhbGciOiJIUzI1NiIsInR5cCI6IkpXVCJ9.eyJ0b2tlbl90eXBlIjoicmVmcmVzaCIsImV4cCI6MTc3MzQzNTg0NCwiaWF0IjoxNzczMzQ5NDQ0LCJqdGkiOiI4NjAwMDQxNDJlN2I0N2NhYTcwOWE1YzU3M2QyYzk1OCIsInVzZXJfaWQiOiIzIn0.jtChJAga6bOj_yM9iD0-ciD4v3uYjZwbP_wSMMgrCf8	2026-03-12 21:04:04.091658+00	2026-03-13 21:04:04+00	3	860004142e7b47caa709a5c573d2c958
139	eyJhbGciOiJIUzI1NiIsInR5cCI6IkpXVCJ9.eyJ0b2tlbl90eXBlIjoicmVmcmVzaCIsImV4cCI6MTc3MzQzNTk3NCwiaWF0IjoxNzczMzQ5NTc0LCJqdGkiOiJjOTdhZTY4YmVmNmM0MWYwYjhkYjFmMGZmNDVjMDBmNSIsInVzZXJfaWQiOiIzIn0.LJtXR06QTQCICT3QpfER1e4QamxDCEPnvhxmgmtCcrs	2026-03-12 21:06:14.942048+00	2026-03-13 21:06:14+00	3	c97ae68bef6c41f0b8db1f0ff45c00f5
140	eyJhbGciOiJIUzI1NiIsInR5cCI6IkpXVCJ9.eyJ0b2tlbl90eXBlIjoicmVmcmVzaCIsImV4cCI6MTc3MzQzNTk3NCwiaWF0IjoxNzczMzQ5NTc0LCJqdGkiOiJhMDdkOTY1M2M3Mjg0YWYwYWEzMmQzZjYzNTdkMmQxZiIsInVzZXJfaWQiOiIzIn0.Wg5BfH5oibwvtAnVYzj_fKOc5Og2eVSp0T_szCsgD7I	2026-03-12 21:06:14.946629+00	2026-03-13 21:06:14+00	3	a07d9653c7284af0aa32d3f6357d2d1f
141	eyJhbGciOiJIUzI1NiIsInR5cCI6IkpXVCJ9.eyJ0b2tlbl90eXBlIjoicmVmcmVzaCIsImV4cCI6MTc3MzQzNjQ0OSwiaWF0IjoxNzczMzUwMDQ5LCJqdGkiOiIxZjUxNjYyYzc1MTA0ZGEzYjdhZmI0YzU5Nzc1Y2Q0NyIsInVzZXJfaWQiOiIzIn0.TIqe_LZAgNQ28piM_39DEShuVIOQ54SYR8naHwcsZLA	2026-03-12 21:14:09.68236+00	2026-03-13 21:14:09+00	3	1f51662c75104da3b7afb4c59775cd47
142	eyJhbGciOiJIUzI1NiIsInR5cCI6IkpXVCJ9.eyJ0b2tlbl90eXBlIjoicmVmcmVzaCIsImV4cCI6MTc3MzQzNjQ0OSwiaWF0IjoxNzczMzUwMDQ5LCJqdGkiOiI1NzJlMjMzMmM4YTk0MTVlOTdlZjA0NDVlZTU3NzVhMiIsInVzZXJfaWQiOiIzIn0.AK0Lz91H8lOmvDc2agAxHsqZulA67Srh-zZQTZQU820	2026-03-12 21:14:09.673637+00	2026-03-13 21:14:09+00	3	572e2332c8a9415e97ef0445ee5775a2
143	eyJhbGciOiJIUzI1NiIsInR5cCI6IkpXVCJ9.eyJ0b2tlbl90eXBlIjoicmVmcmVzaCIsImV4cCI6MTc3MzQzNjUxMSwiaWF0IjoxNzczMzUwMTExLCJqdGkiOiI4NTZhNTNjMGRkMjU0MThmYTA5MzUwMjI0ZDY1MjVjMyIsInVzZXJfaWQiOiIzIn0.41bSPVp-mVVYU4Y2X3VS_xyN__De5Zu4Ux18B4Q_J7U	2026-03-12 21:15:11.35572+00	2026-03-13 21:15:11+00	3	856a53c0dd25418fa09350224d6525c3
144	eyJhbGciOiJIUzI1NiIsInR5cCI6IkpXVCJ9.eyJ0b2tlbl90eXBlIjoicmVmcmVzaCIsImV4cCI6MTc3MzQzNjU3OCwiaWF0IjoxNzczMzUwMTc4LCJqdGkiOiI5MzcxY2I3OTVjNzE0NmZjOTJiOTU5NzliNDBjMTIwOCIsInVzZXJfaWQiOiIzIn0.3t1rnRT__FIzVFCQp93jVoAildgYyUCOCCQWqJZiVr0	2026-03-12 21:16:18.917934+00	2026-03-13 21:16:18+00	3	9371cb795c7146fc92b95979b40c1208
145	eyJhbGciOiJIUzI1NiIsInR5cCI6IkpXVCJ9.eyJ0b2tlbl90eXBlIjoicmVmcmVzaCIsImV4cCI6MTc3MzQzNjY5MiwiaWF0IjoxNzczMzUwMjkyLCJqdGkiOiIxMTBhMDQ5MDQwY2M0MDk3YWYzZjJmNjMyMmE5YzdkMiIsInVzZXJfaWQiOiIzIn0.WYZOXQ99nwC7J1fTR-bf_NLeLfPMV0c1t5Kx9XXR_Os	2026-03-12 21:18:12.255103+00	2026-03-13 21:18:12+00	3	110a049040cc4097af3f2f6322a9c7d2
146	eyJhbGciOiJIUzI1NiIsInR5cCI6IkpXVCJ9.eyJ0b2tlbl90eXBlIjoicmVmcmVzaCIsImV4cCI6MTc3MzQzNjY5MiwiaWF0IjoxNzczMzUwMjkyLCJqdGkiOiJiNjdlYzBhMWY3NDQ0ZjVhYTY5YzMxMzIyNDg4MDhhZiIsInVzZXJfaWQiOiIzIn0.sYFa4UmtS6hB6OdugZL1PuBemgc7Z_QsaCvKtWe1Qk4	2026-03-12 21:18:12.238214+00	2026-03-13 21:18:12+00	3	b67ec0a1f7444f5aa69c3132248808af
147	eyJhbGciOiJIUzI1NiIsInR5cCI6IkpXVCJ9.eyJ0b2tlbl90eXBlIjoicmVmcmVzaCIsImV4cCI6MTc3MzQzNjc4OCwiaWF0IjoxNzczMzUwMzg4LCJqdGkiOiI3NzVhNWY1NWY5MTY0OGY3YTVlMjMxY2M2YmYwZDYxZSIsInVzZXJfaWQiOiIzIn0.EwHc6Q5Ns0ZLG9_KNg5c-SK7mQK-7kdQE21YvhQk0T0	2026-03-12 21:19:48.930413+00	2026-03-13 21:19:48+00	3	775a5f55f91648f7a5e231cc6bf0d61e
148	eyJhbGciOiJIUzI1NiIsInR5cCI6IkpXVCJ9.eyJ0b2tlbl90eXBlIjoicmVmcmVzaCIsImV4cCI6MTc3MzQzNjgyMywiaWF0IjoxNzczMzUwNDIzLCJqdGkiOiIyM2FiNmM0MTk4ZGY0NzBlODA4NjcwZjMwM2E2YjgyMCIsInVzZXJfaWQiOiIxIn0.StLKRApfIVJwn5tis2lBZ-O1ytnX7HU6X4-doNnp3yo	2026-03-12 21:20:23.584807+00	2026-03-13 21:20:23+00	1	23ab6c4198df470e808670f303a6b820
149	eyJhbGciOiJIUzI1NiIsInR5cCI6IkpXVCJ9.eyJ0b2tlbl90eXBlIjoicmVmcmVzaCIsImV4cCI6MTc3MzQzNjg3NywiaWF0IjoxNzczMzUwNDc3LCJqdGkiOiIxMmMwYzgwZGEyNWU0NmMxOWUyZDcxYTU5ZTY2Y2U4OCIsInVzZXJfaWQiOiI0In0.LuxN1F8W1w3YhZneKcAtdSsiOXo2YXixspKKvCFp8rg	2026-03-12 21:21:17.596015+00	2026-03-13 21:21:17+00	4	12c0c80da25e46c19e2d71a59e66ce88
150	eyJhbGciOiJIUzI1NiIsInR5cCI6IkpXVCJ9.eyJ0b2tlbl90eXBlIjoicmVmcmVzaCIsImV4cCI6MTc3MzQzNjkzOSwiaWF0IjoxNzczMzUwNTM5LCJqdGkiOiJlODlmYTFhZDUzNWU0OGE0OTQyYjBhY2RiNzMzZjdhNyIsInVzZXJfaWQiOiI0In0.KX5APVz127bjBos1aDhbstHQHsEc2MEflUx3EcXT8eU	2026-03-12 21:22:19.969721+00	2026-03-13 21:22:19+00	4	e89fa1ad535e48a4942b0acdb733f7a7
151	eyJhbGciOiJIUzI1NiIsInR5cCI6IkpXVCJ9.eyJ0b2tlbl90eXBlIjoicmVmcmVzaCIsImV4cCI6MTc3MzQzNzAyMCwiaWF0IjoxNzczMzUwNjIwLCJqdGkiOiJlOGI2YjUzYTlhOWY0MWE3YjkzNDRjMDE5ZDA5MzE1NyIsInVzZXJfaWQiOiI1In0.FbxWeQN509dTlZys2zon04OA05MGDTRIGSXQYrKgIsA	2026-03-12 21:23:40.3065+00	2026-03-13 21:23:40+00	5	e8b6b53a9a9f41a7b9344c019d093157
152	eyJhbGciOiJIUzI1NiIsInR5cCI6IkpXVCJ9.eyJ0b2tlbl90eXBlIjoicmVmcmVzaCIsImV4cCI6MTc3MzQzNzExNSwiaWF0IjoxNzczMzUwNzE1LCJqdGkiOiI1NTg3OWNiYWNhODg0ZDUyOTkwYzI5MDU5OWQ1NjdhNyIsInVzZXJfaWQiOiI1In0.zRJzs4MqEFuuI7h0GfOSX4TEuFBoZ5xr5ePJ3Gl56lA	2026-03-12 21:25:15.964103+00	2026-03-13 21:25:15+00	5	55879cbaca884d52990c290599d567a7
153	eyJhbGciOiJIUzI1NiIsInR5cCI6IkpXVCJ9.eyJ0b2tlbl90eXBlIjoicmVmcmVzaCIsImV4cCI6MTc3MzQzNzExNSwiaWF0IjoxNzczMzUwNzE1LCJqdGkiOiJiODFiZTUxODY4YTc0NTYwYWExYTJlZDRlYWU0YzFjOSIsInVzZXJfaWQiOiI1In0.YzdulbdSN6NkgrmqhCQnuOtkxueUAGXjQiJ6TNosDQ0	2026-03-12 21:25:15.976524+00	2026-03-13 21:25:15+00	5	b81be51868a74560aa1a2ed4eae4c1c9
154	eyJhbGciOiJIUzI1NiIsInR5cCI6IkpXVCJ9.eyJ0b2tlbl90eXBlIjoicmVmcmVzaCIsImV4cCI6MTc3MzQzNzE4NywiaWF0IjoxNzczMzUwNzg3LCJqdGkiOiIzMjQ4MGNmNjgzYWM0NjI4YjhkNGYzYzhjYTczZWJmNiIsInVzZXJfaWQiOiI1In0.UuAgE0CcATW65TA0uxpKTp8hgU2EDS4LcnUdLO9tx54	2026-03-12 21:26:27.497161+00	2026-03-13 21:26:27+00	5	32480cf683ac4628b8d4f3c8ca73ebf6
155	eyJhbGciOiJIUzI1NiIsInR5cCI6IkpXVCJ9.eyJ0b2tlbl90eXBlIjoicmVmcmVzaCIsImV4cCI6MTc3MzQ0NjAyOCwiaWF0IjoxNzczMzU5NjI4LCJqdGkiOiJhMTgxM2E5Njc0NzQ0MTg3YTE0YmI1NTA4YzIwZTUwYyIsInVzZXJfaWQiOiIzIn0.rTLYQjkUKQcYv64eyxxV-71bVxQh4q4P-7IJ1JdAtaU	2026-03-12 23:53:48.784907+00	2026-03-13 23:53:48+00	3	a1813a9674744187a14bb5508c20e50c
156	eyJhbGciOiJIUzI1NiIsInR5cCI6IkpXVCJ9.eyJ0b2tlbl90eXBlIjoicmVmcmVzaCIsImV4cCI6MTc3MzQ0OTg3OCwiaWF0IjoxNzczMzYzNDc4LCJqdGkiOiJiNzY4ZTg4NjkxYzI0OGI2YmZmZjAyMDE4ZThlMjM1NSIsInVzZXJfaWQiOiIzIn0.mEVb0fBCQUshd1_8710CBGaoHFy95MIQYFc9APzrbLY	2026-03-13 00:57:58.449187+00	2026-03-14 00:57:58+00	3	b768e88691c248b6bfff02018e8e2355
157	eyJhbGciOiJIUzI1NiIsInR5cCI6IkpXVCJ9.eyJ0b2tlbl90eXBlIjoicmVmcmVzaCIsImV4cCI6MTc3MzQ0OTg5MSwiaWF0IjoxNzczMzYzNDkxLCJqdGkiOiJjNzdkOWJmY2JkZjY0MDNhYTdlY2Q2MjI0YWI0YjhhZiIsInVzZXJfaWQiOiIxIn0.F4j38j_s8315OqMI1TZgR5FxuFoTq7LNS8lZ4yHMDgU	2026-03-13 00:58:11.065969+00	2026-03-14 00:58:11+00	1	c77d9bfcbdf6403aa7ecd6224ab4b8af
158	eyJhbGciOiJIUzI1NiIsInR5cCI6IkpXVCJ9.eyJ0b2tlbl90eXBlIjoicmVmcmVzaCIsImV4cCI6MTc3MzQ0OTkyMiwiaWF0IjoxNzczMzYzNTIyLCJqdGkiOiIxNzc3OTBjMGZkYzc0MmMzOGM5N2QwZTFlOGM2NjE0YSIsInVzZXJfaWQiOiIyIn0.JN15lkoA6HWhYZpjCn8ZYKQiHkqJ4dBELwH-HxukPpc	2026-03-13 00:58:42.892164+00	2026-03-14 00:58:42+00	2	177790c0fdc742c38c97d0e1e8c6614a
159	eyJhbGciOiJIUzI1NiIsInR5cCI6IkpXVCJ9.eyJ0b2tlbl90eXBlIjoicmVmcmVzaCIsImV4cCI6MTc3MzQ0OTk4NywiaWF0IjoxNzczMzYzNTg3LCJqdGkiOiI4ZDEwNGQxYTQ0Y2M0MjFmYWU4ODFjZjRjNzJkM2IxYyIsInVzZXJfaWQiOiIyIn0.TzT0xbHPVCyjvXuwp0Eu3EWetv9wScBMHiLmi3B91iA	2026-03-13 00:59:47.4448+00	2026-03-14 00:59:47+00	2	8d104d1a44cc421fae881cf4c72d3b1c
160	eyJhbGciOiJIUzI1NiIsInR5cCI6IkpXVCJ9.eyJ0b2tlbl90eXBlIjoicmVmcmVzaCIsImV4cCI6MTc3MzQ1MDAzOSwiaWF0IjoxNzczMzYzNjM5LCJqdGkiOiJiOWVlZjUwNTA1YzQ0YzUyOGI5MWY0NWM5MjY2NGVhYyIsInVzZXJfaWQiOiIzIn0.OiBNR3s_Q1eow0_1x_RatmHHGJUVtbkp7L6ZhWeF5Wo	2026-03-13 01:00:39.947545+00	2026-03-14 01:00:39+00	3	b9eef50505c44c528b91f45c92664eac
161	eyJhbGciOiJIUzI1NiIsInR5cCI6IkpXVCJ9.eyJ0b2tlbl90eXBlIjoicmVmcmVzaCIsImV4cCI6MTc3MzQ1MTE4MCwiaWF0IjoxNzczMzY0NzgwLCJqdGkiOiI0ODExYmIwMWE2OGQ0NTFiOWVmZGUxOTNiOTk0ODNjZSIsInVzZXJfaWQiOiIxIn0.H_YjF_z7OrlM51aLToQZFat8bkwcvW0InjO4-i-M_hc	2026-03-13 01:19:40.593139+00	2026-03-14 01:19:40+00	1	4811bb01a68d451b9efde193b99483ce
162	eyJhbGciOiJIUzI1NiIsInR5cCI6IkpXVCJ9.eyJ0b2tlbl90eXBlIjoicmVmcmVzaCIsImV4cCI6MTc3MzQ1MTMyMCwiaWF0IjoxNzczMzY0OTIwLCJqdGkiOiI2ZWZmMWVmY2Y4MjE0NmIyYmQwZDgxZjlkNmZjMTk0MyIsInVzZXJfaWQiOiIxIn0.t5bK0qLLt71XvPXbpPQGQZAdAEeWlRei92rIOEOqszg	2026-03-13 01:22:00.098207+00	2026-03-14 01:22:00+00	1	6eff1efcf82146b2bd0d81f9d6fc1943
163	eyJhbGciOiJIUzI1NiIsInR5cCI6IkpXVCJ9.eyJ0b2tlbl90eXBlIjoicmVmcmVzaCIsImV4cCI6MTc3MzQ1MTMzNywiaWF0IjoxNzczMzY0OTM3LCJqdGkiOiIzOTc0MjRmYTU4Mjc0ZTMyOThmMDc5ODk4NjkxYWQ5ZCIsInVzZXJfaWQiOiI2In0.VZ7Q8PN9w5ij076Tc8JT4uVQTdnm38uVvFoytCEI5AA	2026-03-13 01:22:17.715696+00	2026-03-14 01:22:17+00	6	397424fa58274e3298f079898691ad9d
164	eyJhbGciOiJIUzI1NiIsInR5cCI6IkpXVCJ9.eyJ0b2tlbl90eXBlIjoicmVmcmVzaCIsImV4cCI6MTc3MzQ1MTQxMCwiaWF0IjoxNzczMzY1MDEwLCJqdGkiOiIwMDg1MzUyY2FiYWI0NzI2OWIwM2UzOGJiNGYzMjQyYSIsInVzZXJfaWQiOiI2In0.h1pznoPerrRgaSitcSKdQrh0tEc4ZVtR-aixHqvvgz8	2026-03-13 01:23:30.444607+00	2026-03-14 01:23:30+00	6	0085352cabab47269b03e38bb4f3242a
165	eyJhbGciOiJIUzI1NiIsInR5cCI6IkpXVCJ9.eyJ0b2tlbl90eXBlIjoicmVmcmVzaCIsImV4cCI6MTc3MzQ1MTQ4NiwiaWF0IjoxNzczMzY1MDg2LCJqdGkiOiI1OTZjODFmMzE0Y2U0ZmJmYmQzOTIzNGUzZjlmMzdmNSIsInVzZXJfaWQiOiI2In0.4Y9q3eg0BEQRMnTNE58lorO41QydNub2uVRUZJiuYTg	2026-03-13 01:24:46.129483+00	2026-03-14 01:24:46+00	6	596c81f314ce4fbfbd39234e3f9f37f5
166	eyJhbGciOiJIUzI1NiIsInR5cCI6IkpXVCJ9.eyJ0b2tlbl90eXBlIjoicmVmcmVzaCIsImV4cCI6MTc3MzQ1MTU2MywiaWF0IjoxNzczMzY1MTYzLCJqdGkiOiI1MTI1ZjM0YjY5Zjg0Yzc5OTA5ZGMyMDY4NTE5ZDEzZSIsInVzZXJfaWQiOiI2In0.duK3X7ug_e2z2lEgcUeUcGe9PmQRO9cXJ3N2ysgt_bk	2026-03-13 01:26:03.468251+00	2026-03-14 01:26:03+00	6	5125f34b69f84c79909dc2068519d13e
167	eyJhbGciOiJIUzI1NiIsInR5cCI6IkpXVCJ9.eyJ0b2tlbl90eXBlIjoicmVmcmVzaCIsImV4cCI6MTc3MzQ1MTY2MiwiaWF0IjoxNzczMzY1MjYyLCJqdGkiOiIzODVkOTYzMDVlZDA0MzIyYTJmOGVlZTU5OGYwOGQ0OCIsInVzZXJfaWQiOiI3In0.hEcvGWkouJoluVsnOTNuokBgAy9lFrInqYvFTCUXgPg	2026-03-13 01:27:42.339439+00	2026-03-14 01:27:42+00	7	385d96305ed04322a2f8eee598f08d48
168	eyJhbGciOiJIUzI1NiIsInR5cCI6IkpXVCJ9.eyJ0b2tlbl90eXBlIjoicmVmcmVzaCIsImV4cCI6MTc3MzQ1MTc1MSwiaWF0IjoxNzczMzY1MzUxLCJqdGkiOiI5NjNkNmVhOGEzZWI0OTc4ODU5MzU1MGQyNzIwYTJiMCIsInVzZXJfaWQiOiI3In0.lnQbuUUf3KqWwDj6fpMbbPlIVhlyqPgytBE7FWF2seQ	2026-03-13 01:29:11.885832+00	2026-03-14 01:29:11+00	7	963d6ea8a3eb49788593550d2720a2b0
169	eyJhbGciOiJIUzI1NiIsInR5cCI6IkpXVCJ9.eyJ0b2tlbl90eXBlIjoicmVmcmVzaCIsImV4cCI6MTc3MzQ1MTg0NywiaWF0IjoxNzczMzY1NDQ3LCJqdGkiOiIwOTEyMGNhMWE1NTY0YzI4OWMyYzlkZWFmYTlkMWYyZSIsInVzZXJfaWQiOiI3In0.OVVuNxwMwWll7ZavoKqO-XPIevF9wmanvMtwCocGYL8	2026-03-13 01:30:47.418252+00	2026-03-14 01:30:47+00	7	09120ca1a5564c289c2c9deafa9d1f2e
170	eyJhbGciOiJIUzI1NiIsInR5cCI6IkpXVCJ9.eyJ0b2tlbl90eXBlIjoicmVmcmVzaCIsImV4cCI6MTc3MzQ1MTg2OCwiaWF0IjoxNzczMzY1NDY4LCJqdGkiOiJjMjRlZDk4ZGFhOTU0YjU1YTJjYjY5MWQzOTBjOGY3YiIsInVzZXJfaWQiOiI2In0.Cy20ydHpgcVnVyGyWUOX9KMDALebcRrB4pj8rUTiCYs	2026-03-13 01:31:08.58027+00	2026-03-14 01:31:08+00	6	c24ed98daa954b55a2cb691d390c8f7b
171	eyJhbGciOiJIUzI1NiIsInR5cCI6IkpXVCJ9.eyJ0b2tlbl90eXBlIjoicmVmcmVzaCIsImV4cCI6MTc3NTIzNDAzOSwiaWF0IjoxNzc1MTQ3NjM5LCJqdGkiOiJjMmI1OTAxNTMyYjY0MmVmYjI4ODMzNjQ3OGI3ZTcwZiIsInVzZXJfaWQiOiIzIn0.bi0KEMHcRLMAhvX5rfGGrsfUx8YvVHXII1rmWJ55vow	2026-04-02 16:33:59.908456+00	2026-04-03 16:33:59+00	3	c2b5901532b642efb288336478b7e70f
172	eyJhbGciOiJIUzI1NiIsInR5cCI6IkpXVCJ9.eyJ0b2tlbl90eXBlIjoicmVmcmVzaCIsImV4cCI6MTc3NTIzNDEwNSwiaWF0IjoxNzc1MTQ3NzA1LCJqdGkiOiI2NjdjMTRkOWRkMWM0NWFhYTZkNDA1YWU4NjVhNThjNiIsInVzZXJfaWQiOiIzIn0.gi4Laz205T_PVcvvLvFmKrwzD9a4OXhU1ie-RZP2FSI	2026-04-02 16:35:05.213448+00	2026-04-03 16:35:05+00	3	667c14d9dd1c45aaa6d405ae865a58c6
173	eyJhbGciOiJIUzI1NiIsInR5cCI6IkpXVCJ9.eyJ0b2tlbl90eXBlIjoicmVmcmVzaCIsImV4cCI6MTc3NTIzNDQ5NiwiaWF0IjoxNzc1MTQ4MDk2LCJqdGkiOiJlYTk2MjBmYzg3MjU0MTc5OWZmZTZkMjNlYjllMGQ1OCIsInVzZXJfaWQiOiIzIn0.lpoXgTlaJm4Vb-qBSIHbMzp0If3mrH3-AS2TX0nva5E	2026-04-02 16:41:36.934129+00	2026-04-03 16:41:36+00	3	ea9620fc872541799ffe6d23eb9e0d58
174	eyJhbGciOiJIUzI1NiIsInR5cCI6IkpXVCJ9.eyJ0b2tlbl90eXBlIjoicmVmcmVzaCIsImV4cCI6MTc3NTIzNDU3MiwiaWF0IjoxNzc1MTQ4MTcyLCJqdGkiOiI3YmRjMzI3MDM1NjY0N2NkYWUzMGM4YmFhN2YxYmFlYyIsInVzZXJfaWQiOiIzIn0.tko_hQ_DnxXrqvrJYlsk60Pmi5_f_q1M1dSO-T_Jkmo	2026-04-02 16:42:52.239503+00	2026-04-03 16:42:52+00	3	7bdc3270356647cdae30c8baa7f1baec
175	eyJhbGciOiJIUzI1NiIsInR5cCI6IkpXVCJ9.eyJ0b2tlbl90eXBlIjoicmVmcmVzaCIsImV4cCI6MTc3NTIzNDc0NywiaWF0IjoxNzc1MTQ4MzQ3LCJqdGkiOiJlNzIxYjY0N2M2OTE0YjFiYjM0Y2E5ZTRhNGJiMmFhNiIsInVzZXJfaWQiOiIzIn0.6rcMmcQjIZf80dnJoVqA_CgfEhQ6-DnhWM_BsKkHkBU	2026-04-02 16:45:47.722792+00	2026-04-03 16:45:47+00	3	e721b647c6914b1bb34ca9e4a4bb2aa6
176	eyJhbGciOiJIUzI1NiIsInR5cCI6IkpXVCJ9.eyJ0b2tlbl90eXBlIjoicmVmcmVzaCIsImV4cCI6MTc3NTIzNTQ2MiwiaWF0IjoxNzc1MTQ5MDYyLCJqdGkiOiIyNTgwMDFkYzFiNTQ0ZDdhYTliNGM3MjJjZTk3ZGViZSIsInVzZXJfaWQiOiIzIn0.o02orGAOPGuM_9JvD4VAXG8zV_DAGxilnpnlCwsbilw	2026-04-02 16:57:42.727204+00	2026-04-03 16:57:42+00	3	258001dc1b544d7aa9b4c722ce97debe
177	eyJhbGciOiJIUzI1NiIsInR5cCI6IkpXVCJ9.eyJ0b2tlbl90eXBlIjoicmVmcmVzaCIsImV4cCI6MTc3NTIzNTU2MiwiaWF0IjoxNzc1MTQ5MTYyLCJqdGkiOiI0ODgxYjhjNzU2MDk0NDc2OGI4NzE1YjRiYWJmZGIyMCIsInVzZXJfaWQiOiIzIn0.aq0AjDkEFQ7RmoS32Uabq20m7vLcmJVVqjdIh40lMhg	2026-04-02 16:59:22.274818+00	2026-04-03 16:59:22+00	3	4881b8c7560944768b8715b4babfdb20
178	eyJhbGciOiJIUzI1NiIsInR5cCI6IkpXVCJ9.eyJ0b2tlbl90eXBlIjoicmVmcmVzaCIsImV4cCI6MTc3NTIzNTU4MSwiaWF0IjoxNzc1MTQ5MTgxLCJqdGkiOiIxZTA3MTUyMzM2MDg0ZTU0YTk1NjVlMDZiYjI3MDI4MSIsInVzZXJfaWQiOiIzIn0.5vqkcZYMkjbsumjGeL3jJHc-1ythEWjVEGqsqWI8DOg	2026-04-02 16:59:41.083121+00	2026-04-03 16:59:41+00	3	1e07152336084e54a9565e06bb270281
179	eyJhbGciOiJIUzI1NiIsInR5cCI6IkpXVCJ9.eyJ0b2tlbl90eXBlIjoicmVmcmVzaCIsImV4cCI6MTc3NTIzNTcwOCwiaWF0IjoxNzc1MTQ5MzA4LCJqdGkiOiJmYTg2YzYzMDBkNmI0YjI2Yjg2MWI1N2EwYzA1YjU5MiIsInVzZXJfaWQiOiIzIn0.ubr32oDUheSmUCy9wTwFYG3UXelIf_Jz-Grn54_DFXM	2026-04-02 17:01:48.462091+00	2026-04-03 17:01:48+00	3	fa86c6300d6b4b26b861b57a0c05b592
180	eyJhbGciOiJIUzI1NiIsInR5cCI6IkpXVCJ9.eyJ0b2tlbl90eXBlIjoicmVmcmVzaCIsImV4cCI6MTc3NTIzNTcwOCwiaWF0IjoxNzc1MTQ5MzA4LCJqdGkiOiJiMTgxM2ExNDFmODE0M2M3YmI2ZDEzMDg4MjUwY2JmZiIsInVzZXJfaWQiOiIzIn0.jw-8yjEc3mQTg-_pb2bHGSQQOPUKgWvKiOymgx_CdsM	2026-04-02 17:01:48.465609+00	2026-04-03 17:01:48+00	3	b1813a141f8143c7bb6d13088250cbff
181	eyJhbGciOiJIUzI1NiIsInR5cCI6IkpXVCJ9.eyJ0b2tlbl90eXBlIjoicmVmcmVzaCIsImV4cCI6MTc3NTIzNTgwMywiaWF0IjoxNzc1MTQ5NDAzLCJqdGkiOiI3OTEyMDI2ZTNkZmI0NzM3YTE4OTAyODU2MWViOTk5NSIsInVzZXJfaWQiOiI2In0.-UhNmoYgxFrU6hKScw4ekhBZDdmJoxTkkD6ctA3epO8	2026-04-02 17:03:23.263073+00	2026-04-03 17:03:23+00	6	7912026e3dfb4737a189028561eb9995
182	eyJhbGciOiJIUzI1NiIsInR5cCI6IkpXVCJ9.eyJ0b2tlbl90eXBlIjoicmVmcmVzaCIsImV4cCI6MTc3NTIzNTgzOSwiaWF0IjoxNzc1MTQ5NDM5LCJqdGkiOiIxNDIwYzQ2NTE4MDU0N2MzYmNlODYwNjQ3ZWNiMDJmZiIsInVzZXJfaWQiOiIzIn0.PBOxPKsFxwA0x_bZV4GjVuLkeLALzvxioXJfgeGI24o	2026-04-02 17:03:59.692744+00	2026-04-03 17:03:59+00	3	1420c465180547c3bce860647ecb02ff
183	eyJhbGciOiJIUzI1NiIsInR5cCI6IkpXVCJ9.eyJ0b2tlbl90eXBlIjoicmVmcmVzaCIsImV4cCI6MTc3NTIzNTg5OCwiaWF0IjoxNzc1MTQ5NDk4LCJqdGkiOiI5ZTlmNTVlOWMwNWI0NmE1ODE3OGUyNjI0NWVmMjhhZCIsInVzZXJfaWQiOiIzIn0.zOWYHYg7-0oSgS7UMtlLwA9Qk00jEB7Z9J3RwtIvc8c	2026-04-02 17:04:58.798629+00	2026-04-03 17:04:58+00	3	9e9f55e9c05b46a58178e26245ef28ad
184	eyJhbGciOiJIUzI1NiIsInR5cCI6IkpXVCJ9.eyJ0b2tlbl90eXBlIjoicmVmcmVzaCIsImV4cCI6MTc3NTIzNjg5OCwiaWF0IjoxNzc1MTUwNDk4LCJqdGkiOiI5ZGY3ZjBiY2RmZjM0YmFiODNjNGQ2ZTc4N2ZmOTlkMSIsInVzZXJfaWQiOiIzIn0.GUvtgF6uFDHOF49jyW08dhDMK5rNT6DM-HuWqdmRcYg	2026-04-02 17:21:38.114895+00	2026-04-03 17:21:38+00	3	9df7f0bcdff34bab83c4d6e787ff99d1
185	eyJhbGciOiJIUzI1NiIsInR5cCI6IkpXVCJ9.eyJ0b2tlbl90eXBlIjoicmVmcmVzaCIsImV4cCI6MTc3NTIzNjg5OCwiaWF0IjoxNzc1MTUwNDk4LCJqdGkiOiI3MmRkOTBiMzVjNGM0MTJhYjk2NmI1NzgzMTU3Nzk3MCIsInVzZXJfaWQiOiIzIn0.oLA9a-f6ea28OZ13vX3S4ACMnnGsJHDmoFjTCP7f-XM	2026-04-02 17:21:38.132776+00	2026-04-03 17:21:38+00	3	72dd90b35c4c412ab966b57831577970
186	eyJhbGciOiJIUzI1NiIsInR5cCI6IkpXVCJ9.eyJ0b2tlbl90eXBlIjoicmVmcmVzaCIsImV4cCI6MTc3NTIzNzEwNSwiaWF0IjoxNzc1MTUwNzA1LCJqdGkiOiIxZTE1OWJkYjU3YTE0YTNiOTZiN2Q0YzJiNzY4NWYxMyIsInVzZXJfaWQiOiIzIn0.1_L3H2pJg8hP8JltO4Q2eEk12AG2W6B0HdmRAPOQAd4	2026-04-02 17:25:05.917942+00	2026-04-03 17:25:05+00	3	1e159bdb57a14a3b96b7d4c2b7685f13
187	eyJhbGciOiJIUzI1NiIsInR5cCI6IkpXVCJ9.eyJ0b2tlbl90eXBlIjoicmVmcmVzaCIsImV4cCI6MTc3NTIzNzEwNSwiaWF0IjoxNzc1MTUwNzA1LCJqdGkiOiIxMmM0MTFmMjBkZTg0MTdlYjk2NThkMWRiN2QzYWI5MCIsInVzZXJfaWQiOiIzIn0.vOItsegQ4TP70VXr5tgGftwoPRXg1xSzwcOcnuQlNMQ	2026-04-02 17:25:05.912139+00	2026-04-03 17:25:05+00	3	12c411f20de8417eb9658d1db7d3ab90
188	eyJhbGciOiJIUzI1NiIsInR5cCI6IkpXVCJ9.eyJ0b2tlbl90eXBlIjoicmVmcmVzaCIsImV4cCI6MTc3NTIzNzQ3MywiaWF0IjoxNzc1MTUxMDczLCJqdGkiOiJmNjZiOGE0YjVkMWU0MDNkOTUxOTczNTZlNjhiNzliYyIsInVzZXJfaWQiOiIzIn0.DLjK98sp733dY5718vansbbNQ2maNZQpYdskhbIGwW8	2026-04-02 17:31:13.45425+00	2026-04-03 17:31:13+00	3	f66b8a4b5d1e403d95197356e68b79bc
189	eyJhbGciOiJIUzI1NiIsInR5cCI6IkpXVCJ9.eyJ0b2tlbl90eXBlIjoicmVmcmVzaCIsImV4cCI6MTc3NTIzNzQ3MywiaWF0IjoxNzc1MTUxMDczLCJqdGkiOiJmOTcyNTNkYzRiNDQ0ZjI1YTI5NDYyZmQ2NTQ2ODk4ZSIsInVzZXJfaWQiOiIzIn0.P4LoqFBo_78sTmTUCN4iiZfCNs9DKmNo6clsuotp_rI	2026-04-02 17:31:13.48998+00	2026-04-03 17:31:13+00	3	f97253dc4b444f25a29462fd6546898e
190	eyJhbGciOiJIUzI1NiIsInR5cCI6IkpXVCJ9.eyJ0b2tlbl90eXBlIjoicmVmcmVzaCIsImV4cCI6MTc3NTIzNzYyNCwiaWF0IjoxNzc1MTUxMjI0LCJqdGkiOiJlNzk1ZmExNDU0NzM0Mjg2YjRiNDYyMTQ1YWZlMGQzNiIsInVzZXJfaWQiOiIzIn0.PA2BNKs8X-5I6sk9qd9FEVNN1bvahrz13V2ckPD-hn4	2026-04-02 17:33:44.201127+00	2026-04-03 17:33:44+00	3	e795fa1454734286b4b462145afe0d36
191	eyJhbGciOiJIUzI1NiIsInR5cCI6IkpXVCJ9.eyJ0b2tlbl90eXBlIjoicmVmcmVzaCIsImV4cCI6MTc3NTIzNzYzOSwiaWF0IjoxNzc1MTUxMjM5LCJqdGkiOiI0YjU5MDAwMGEyOGM0MDZmYWZlNDEzYjkwYmM5ZmE0MiIsInVzZXJfaWQiOiIzIn0.JZG27ShLV8-t1MP3G3OOIdZ8V_ClC7aUUMvPjRHin5U	2026-04-02 17:33:59.8748+00	2026-04-03 17:33:59+00	3	4b590000a28c406fafe413b90bc9fa42
192	eyJhbGciOiJIUzI1NiIsInR5cCI6IkpXVCJ9.eyJ0b2tlbl90eXBlIjoicmVmcmVzaCIsImV4cCI6MTc3NTIzNzgzMSwiaWF0IjoxNzc1MTUxNDMxLCJqdGkiOiJjY2YzOGZlNjRhMTE0MDI4OTk3YjI1YTIyMGU2Y2VlYSIsInVzZXJfaWQiOiIzIn0._AJhBXjutk2vKcihDFYrcLESNqBkxtVLqHFwAw_MksE	2026-04-02 17:37:11.403548+00	2026-04-03 17:37:11+00	3	ccf38fe64a114028997b25a220e6ceea
193	eyJhbGciOiJIUzI1NiIsInR5cCI6IkpXVCJ9.eyJ0b2tlbl90eXBlIjoicmVmcmVzaCIsImV4cCI6MTc3NTIzNzgzMSwiaWF0IjoxNzc1MTUxNDMxLCJqdGkiOiIwMmEwYmUzNGE2MGU0NmE3ODliMmY1ZmJlMGQyMTlkNSIsInVzZXJfaWQiOiIzIn0.4S1jqhJhoh-hrdO9rux73iR-tohzXNclaesQq7zzg50	2026-04-02 17:37:11.410063+00	2026-04-03 17:37:11+00	3	02a0be34a60e46a789b2f5fbe0d219d5
194	eyJhbGciOiJIUzI1NiIsInR5cCI6IkpXVCJ9.eyJ0b2tlbl90eXBlIjoicmVmcmVzaCIsImV4cCI6MTc3NTIzODAwOSwiaWF0IjoxNzc1MTUxNjA5LCJqdGkiOiJlNmRhYTZlMTQ3MWI0ZDBlOWViNGFkZmQ2MjAyYTE3OCIsInVzZXJfaWQiOiIzIn0.9_zf4dVdnDINjvrVqSge_ob4Ko_oyqOCSp3zQ32oK1I	2026-04-02 17:40:09.966963+00	2026-04-03 17:40:09+00	3	e6daa6e1471b4d0e9eb4adfd6202a178
195	eyJhbGciOiJIUzI1NiIsInR5cCI6IkpXVCJ9.eyJ0b2tlbl90eXBlIjoicmVmcmVzaCIsImV4cCI6MTc3NTIzODAwOSwiaWF0IjoxNzc1MTUxNjA5LCJqdGkiOiIzOGE0Yzc2YWRmMzM0OGQwODgzMzNkYmRhMGZjYmE5MSIsInVzZXJfaWQiOiIzIn0.X8mOSmN3BBD1hdeAteIl4n4JpeA81dGtJxFDu5p0aqQ	2026-04-02 17:40:09.991907+00	2026-04-03 17:40:09+00	3	38a4c76adf3348d088333dbda0fcba91
196	eyJhbGciOiJIUzI1NiIsInR5cCI6IkpXVCJ9.eyJ0b2tlbl90eXBlIjoicmVmcmVzaCIsImV4cCI6MTc3NTIzODIyNSwiaWF0IjoxNzc1MTUxODI1LCJqdGkiOiJlMzI2ODk4MTEzNjc0ZWZiYjJiMGViNDcwNTE5Y2JmNSIsInVzZXJfaWQiOiIzIn0.HBBFxijZZ0NwGkcr2mP27GDlHD6RK9irWBgEQKMGafw	2026-04-02 17:43:45.581322+00	2026-04-03 17:43:45+00	3	e326898113674efbb2b0eb470519cbf5
197	eyJhbGciOiJIUzI1NiIsInR5cCI6IkpXVCJ9.eyJ0b2tlbl90eXBlIjoicmVmcmVzaCIsImV4cCI6MTc3NTIzODI0MSwiaWF0IjoxNzc1MTUxODQxLCJqdGkiOiJjOTZjNzVjZmE0M2Y0OTZkYjExNWE0MTU1YTk4ZjM1NyIsInVzZXJfaWQiOiIzIn0.a-SasXm6V-5nlyJY0gsxwwagBSeVxk-gWGu_fRPWCfU	2026-04-02 17:44:01.577994+00	2026-04-03 17:44:01+00	3	c96c75cfa43f496db115a4155a98f357
198	eyJhbGciOiJIUzI1NiIsInR5cCI6IkpXVCJ9.eyJ0b2tlbl90eXBlIjoicmVmcmVzaCIsImV4cCI6MTc3NTIzODQ2MCwiaWF0IjoxNzc1MTUyMDYwLCJqdGkiOiJhMzNlYjk3MTU1MDQ0YTgxYTcyMWQ0MmE3OWE4OTVjOCIsInVzZXJfaWQiOiIzIn0.eRo41Ihm1iTKmUNfWXmqaURm-iItAWweAmmyGzYsc0s	2026-04-02 17:47:40.45584+00	2026-04-03 17:47:40+00	3	a33eb97155044a81a721d42a79a895c8
199	eyJhbGciOiJIUzI1NiIsInR5cCI6IkpXVCJ9.eyJ0b2tlbl90eXBlIjoicmVmcmVzaCIsImV4cCI6MTc3NTIzODgxOCwiaWF0IjoxNzc1MTUyNDE4LCJqdGkiOiJmNDU4OGVhYTZhMDU0YTVkYmJjM2IyNzgzNDgwODc5OSIsInVzZXJfaWQiOiIzIn0.EZrPofvYjM_an--RFm6oaroPst4E0a1xhYOBgdUDCpA	2026-04-02 17:53:38.961532+00	2026-04-03 17:53:38+00	3	f4588eaa6a054a5dbbc3b27834808799
200	eyJhbGciOiJIUzI1NiIsInR5cCI6IkpXVCJ9.eyJ0b2tlbl90eXBlIjoicmVmcmVzaCIsImV4cCI6MTc3NTIzOTE1NywiaWF0IjoxNzc1MTUyNzU3LCJqdGkiOiJiZGIyNmY2OTgyOGE0Mjk0OGVlODBmNzc5ZTY2MDcyYiIsInVzZXJfaWQiOiIzIn0.jgEf-NRrhE--xM4u2wxE-hI3KQxQiFT-RJebu7z6WSw	2026-04-02 17:59:17.024284+00	2026-04-03 17:59:17+00	3	bdb26f69828a42948ee80f779e66072b
201	eyJhbGciOiJIUzI1NiIsInR5cCI6IkpXVCJ9.eyJ0b2tlbl90eXBlIjoicmVmcmVzaCIsImV4cCI6MTc3NTIzOTE1NywiaWF0IjoxNzc1MTUyNzU3LCJqdGkiOiJhYWJiY2ExODAzYmE0NDA1YWFiMmJkZWM0MTAxYzc1ZSIsInVzZXJfaWQiOiIzIn0.4Rppph0Xv2y9QvnVFUnjicwW5Lpv2AEjcPMm3CFT4pg	2026-04-02 17:59:17.051125+00	2026-04-03 17:59:17+00	3	aabbca1803ba4405aab2bdec4101c75e
202	eyJhbGciOiJIUzI1NiIsInR5cCI6IkpXVCJ9.eyJ0b2tlbl90eXBlIjoicmVmcmVzaCIsImV4cCI6MTc3NTIzOTY1MSwiaWF0IjoxNzc1MTUzMjUxLCJqdGkiOiJjNzlkZTRhMjViYWU0MjVjYTNhMzk4ZWY5ZmEwYzFhNyIsInVzZXJfaWQiOiIzIn0.9MusFeJhx796LXrsksjXOQ4gz1CndL5hf7dD71HJhyw	2026-04-02 18:07:31.953628+00	2026-04-03 18:07:31+00	3	c79de4a25bae425ca3a398ef9fa0c1a7
203	eyJhbGciOiJIUzI1NiIsInR5cCI6IkpXVCJ9.eyJ0b2tlbl90eXBlIjoicmVmcmVzaCIsImV4cCI6MTc3NTIzOTY1MSwiaWF0IjoxNzc1MTUzMjUxLCJqdGkiOiI4ZThlYzRjOGI1MDI0ODZmOGJlNTE1Nzk0ZmUwZjVkOCIsInVzZXJfaWQiOiIzIn0.Hsna7eQCEMskzp66_K1uZoqS1O38GiC40v40jTxu70g	2026-04-02 18:07:31.958486+00	2026-04-03 18:07:31+00	3	8e8ec4c8b502486f8be515794fe0f5d8
204	eyJhbGciOiJIUzI1NiIsInR5cCI6IkpXVCJ9.eyJ0b2tlbl90eXBlIjoicmVmcmVzaCIsImV4cCI6MTc3NTIzOTc2MiwiaWF0IjoxNzc1MTUzMzYyLCJqdGkiOiJmMTg5MzZkZmU5Yzg0NmNjYmJkOGEwMDUwZDdjMzUxZiIsInVzZXJfaWQiOiIzIn0.fmr12yQ4e1LBp7wKoKL8L4gbPkwNnhK4ZBbORCQ9Zzk	2026-04-02 18:09:22.775875+00	2026-04-03 18:09:22+00	3	f18936dfe9c846ccbbd8a0050d7c351f
205	eyJhbGciOiJIUzI1NiIsInR5cCI6IkpXVCJ9.eyJ0b2tlbl90eXBlIjoicmVmcmVzaCIsImV4cCI6MTc3NTIzOTc2MiwiaWF0IjoxNzc1MTUzMzYyLCJqdGkiOiI2NjFhODk1ZjYyMDg0NjdjOTdlZGExMWRjOTE5M2VhOSIsInVzZXJfaWQiOiIzIn0.FFWgQVpf-B-x7bq4qsd1Q331JBP79gaoIKudgvu9zAI	2026-04-02 18:09:22.786001+00	2026-04-03 18:09:22+00	3	661a895f6208467c97eda11dc9193ea9
206	eyJhbGciOiJIUzI1NiIsInR5cCI6IkpXVCJ9.eyJ0b2tlbl90eXBlIjoicmVmcmVzaCIsImV4cCI6MTc3NTIzOTgzNSwiaWF0IjoxNzc1MTUzNDM1LCJqdGkiOiIwN2YzYmY1NmVmMDU0ZWQ5OTcyYWRiYzQ4OTI3MzJhZCIsInVzZXJfaWQiOiIzIn0.1Tefo7aO_y7oWjFMK6CzZlOrSpdB4LVblYOK5fYTcxw	2026-04-02 18:10:35.849747+00	2026-04-03 18:10:35+00	3	07f3bf56ef054ed9972adbc4892732ad
207	eyJhbGciOiJIUzI1NiIsInR5cCI6IkpXVCJ9.eyJ0b2tlbl90eXBlIjoicmVmcmVzaCIsImV4cCI6MTc3NTIzOTgzNSwiaWF0IjoxNzc1MTUzNDM1LCJqdGkiOiI5MjZjMTQyN2NiZGM0Mjc2ODk3MzQ2ZDQ0NDQ2ZTdmMyIsInVzZXJfaWQiOiIzIn0.QcPawHciDILpiTe3IFObxyyjewSRcLb14dePyfzup-0	2026-04-02 18:10:35.855235+00	2026-04-03 18:10:35+00	3	926c1427cbdc4276897346d44446e7f3
208	eyJhbGciOiJIUzI1NiIsInR5cCI6IkpXVCJ9.eyJ0b2tlbl90eXBlIjoicmVmcmVzaCIsImV4cCI6MTc3NTIzOTk4NiwiaWF0IjoxNzc1MTUzNTg2LCJqdGkiOiI1YjZhOTZiMzY5NGQ0YzVmOTdmZTZjMDUwNGMyYzhjMiIsInVzZXJfaWQiOiIzIn0.ikQpzWKO0YJ5ei-HD1u81PqOhTSWONX65ed9XyUtxw0	2026-04-02 18:13:06.522276+00	2026-04-03 18:13:06+00	3	5b6a96b3694d4c5f97fe6c0504c2c8c2
209	eyJhbGciOiJIUzI1NiIsInR5cCI6IkpXVCJ9.eyJ0b2tlbl90eXBlIjoicmVmcmVzaCIsImV4cCI6MTc3NTIzOTk5NiwiaWF0IjoxNzc1MTUzNTk2LCJqdGkiOiI1YjhlMGQyZTI4NGM0MjFhODkwOTQzZWYyM2NiNTgxZCIsInVzZXJfaWQiOiIzIn0.7YD-uzwYM9AEIdMiAnjXJrWUnfW79QqIdAoWAgyHcYw	2026-04-02 18:13:16.265551+00	2026-04-03 18:13:16+00	3	5b8e0d2e284c421a890943ef23cb581d
210	eyJhbGciOiJIUzI1NiIsInR5cCI6IkpXVCJ9.eyJ0b2tlbl90eXBlIjoicmVmcmVzaCIsImV4cCI6MTc3NTI0MDA4MywiaWF0IjoxNzc1MTUzNjgzLCJqdGkiOiI3N2VjMmM2MTg0YzI0Yjk5ODUyMGFlZjU0ZmVmOWM3NCIsInVzZXJfaWQiOiIzIn0.EDgHgWTu-hrALADjnsW1pz0RoF2iVf1aDGY1Xyv91Qk	2026-04-02 18:14:43.627559+00	2026-04-03 18:14:43+00	3	77ec2c6184c24b998520aef54fef9c74
211	eyJhbGciOiJIUzI1NiIsInR5cCI6IkpXVCJ9.eyJ0b2tlbl90eXBlIjoicmVmcmVzaCIsImV4cCI6MTc3NTI0MDA4MywiaWF0IjoxNzc1MTUzNjgzLCJqdGkiOiIxY2Y1NTY2ZjE4NmU0N2NkYjlmMGMwZGIwMWY3YWViMyIsInVzZXJfaWQiOiIzIn0.b-_Dn0L7HbuLseeN5hw_Nz2GAx0nBZp6qzW9BUuzpX0	2026-04-02 18:14:43.632852+00	2026-04-03 18:14:43+00	3	1cf5566f186e47cdb9f0c0db01f7aeb3
212	eyJhbGciOiJIUzI1NiIsInR5cCI6IkpXVCJ9.eyJ0b2tlbl90eXBlIjoicmVmcmVzaCIsImV4cCI6MTc3NTI0MDE1NiwiaWF0IjoxNzc1MTUzNzU2LCJqdGkiOiIzZTEwMGExMjU1OTY0NTE1YWQxYjU0NjQ3NmZmNjMwYiIsInVzZXJfaWQiOiIzIn0.d75TibkRrVBPFa-mCtPWEZIK9aF1ft7mnoGlIpSNUqI	2026-04-02 18:15:56.76952+00	2026-04-03 18:15:56+00	3	3e100a1255964515ad1b546476ff630b
213	eyJhbGciOiJIUzI1NiIsInR5cCI6IkpXVCJ9.eyJ0b2tlbl90eXBlIjoicmVmcmVzaCIsImV4cCI6MTc3NTI0MDE1NiwiaWF0IjoxNzc1MTUzNzU2LCJqdGkiOiJkMTA5ZGY5NjA2NWU0MDQ1YjIyNzE0ZDQyY2YyZTFlOSIsInVzZXJfaWQiOiIzIn0.g2WeLUwBQesQpRSITnficpGh4n2ZPYyV87kl_iz74PI	2026-04-02 18:15:56.803608+00	2026-04-03 18:15:56+00	3	d109df96065e4045b22714d42cf2e1e9
214	eyJhbGciOiJIUzI1NiIsInR5cCI6IkpXVCJ9.eyJ0b2tlbl90eXBlIjoicmVmcmVzaCIsImV4cCI6MTc3NTQxMTg4MiwiaWF0IjoxNzc1MzI1NDgyLCJqdGkiOiI3NzdhNWU5MDE1ZWQ0YTQ3OWE5ZjI3ZmVkMjQ3NWNiZiIsInVzZXJfaWQiOiIzIn0._wAnQQiMQpUZ0ruhRNvQLJ5BJIir9ILqiYsDhLF1QNA	2026-04-04 17:58:02.755934+00	2026-04-05 17:58:02+00	3	777a5e9015ed4a479a9f27fed2475cbf
215	eyJhbGciOiJIUzI1NiIsInR5cCI6IkpXVCJ9.eyJ0b2tlbl90eXBlIjoicmVmcmVzaCIsImV4cCI6MTc3NTQxMjAwMCwiaWF0IjoxNzc1MzI1NjAwLCJqdGkiOiI5MWY1N2VlYTM2OWU0ZDY2ODQ4NWRjNGI5MDQ2NmU5MSIsInVzZXJfaWQiOiIzIn0.GMMacIb1J8qDbDXNLzLiyWs98iEsJBLpYgQAwqGbFi8	2026-04-04 18:00:00.188389+00	2026-04-05 18:00:00+00	3	91f57eea369e4d668485dc4b90466e91
216	eyJhbGciOiJIUzI1NiIsInR5cCI6IkpXVCJ9.eyJ0b2tlbl90eXBlIjoicmVmcmVzaCIsImV4cCI6MTc3NTQxMjAwMCwiaWF0IjoxNzc1MzI1NjAwLCJqdGkiOiIwMGUzZTkyMTg0YzY0NjBhYTI5N2Y4ODgxMWYwMTQwMiIsInVzZXJfaWQiOiIzIn0.8brbCdB1qMYCAtLmPLSLxNLPVifCTWnkKNVvj0B0pvc	2026-04-04 18:00:00.181178+00	2026-04-05 18:00:00+00	3	00e3e92184c6460aa297f88811f01402
217	eyJhbGciOiJIUzI1NiIsInR5cCI6IkpXVCJ9.eyJ0b2tlbl90eXBlIjoicmVmcmVzaCIsImV4cCI6MTc3NTQxMjM0OCwiaWF0IjoxNzc1MzI1OTQ4LCJqdGkiOiIyYzBiY2NiMWE3OWQ0MDM3ODc5NDFiOTQ2YWExMTlmMCIsInVzZXJfaWQiOiIzIn0.wCWyLhoWO2WTTGQo7Sjlm8TGgJyHK7wkIDKakxoj82w	2026-04-04 18:05:48.321513+00	2026-04-05 18:05:48+00	3	2c0bccb1a79d403787941b946aa119f0
218	eyJhbGciOiJIUzI1NiIsInR5cCI6IkpXVCJ9.eyJ0b2tlbl90eXBlIjoicmVmcmVzaCIsImV4cCI6MTc3NTQxMjM0OCwiaWF0IjoxNzc1MzI1OTQ4LCJqdGkiOiI1ZWU0MmIxMzQwMjY0NWZkOGQxNTZmZGJhMzRlODhjMSIsInVzZXJfaWQiOiIzIn0.V_cMMS0VvOliwHRQligjzCvjGH9q-7OjRhWqpQbpR18	2026-04-04 18:05:48.329063+00	2026-04-05 18:05:48+00	3	5ee42b13402645fd8d156fdba34e88c1
219	eyJhbGciOiJIUzI1NiIsInR5cCI6IkpXVCJ9.eyJ0b2tlbl90eXBlIjoicmVmcmVzaCIsImV4cCI6MTc3NTQxMjU2NSwiaWF0IjoxNzc1MzI2MTY1LCJqdGkiOiJiYmZkZjU4NzFmMjY0Nzc1OTA3M2YzYTUwNWNkNzExMiIsInVzZXJfaWQiOiIzIn0.-qiyfleLmv08aPO90r16gKWIjZVPsGGhInxM3RBjCSg	2026-04-04 18:09:25.50581+00	2026-04-05 18:09:25+00	3	bbfdf5871f2647759073f3a505cd7112
220	eyJhbGciOiJIUzI1NiIsInR5cCI6IkpXVCJ9.eyJ0b2tlbl90eXBlIjoicmVmcmVzaCIsImV4cCI6MTc3NTQxMjU2NSwiaWF0IjoxNzc1MzI2MTY1LCJqdGkiOiI1NTkzOGMxNGNiMDY0MDk2YmY3ZTY5MWY4MDc3OTlhNiIsInVzZXJfaWQiOiIzIn0.LkOq4Djb1Ss9tmlrnxNEJN8iFdmJFLqBtvGRw4WxESE	2026-04-04 18:09:25.511293+00	2026-04-05 18:09:25+00	3	55938c14cb064096bf7e691f807799a6
221	eyJhbGciOiJIUzI1NiIsInR5cCI6IkpXVCJ9.eyJ0b2tlbl90eXBlIjoicmVmcmVzaCIsImV4cCI6MTc3NTQxMjY5OCwiaWF0IjoxNzc1MzI2Mjk4LCJqdGkiOiJmYjEzY2RjYmQ5N2U0NmY5OGVkNmQyM2M3NzhhZDM2OCIsInVzZXJfaWQiOiIzIn0.gKhC9F1OCUWJZ6ohjeSZB8L3JQJrThrP58C7DJH0m8w	2026-04-04 18:11:38.517308+00	2026-04-05 18:11:38+00	3	fb13cdcbd97e46f98ed6d23c778ad368
222	eyJhbGciOiJIUzI1NiIsInR5cCI6IkpXVCJ9.eyJ0b2tlbl90eXBlIjoicmVmcmVzaCIsImV4cCI6MTc3NTQxMjczNywiaWF0IjoxNzc1MzI2MzM3LCJqdGkiOiIwMGFjNjEyOWVkYTQ0M2JiOWE5NTAwODQwNjcxMGZjNiIsInVzZXJfaWQiOiIzIn0.cdu9mq6gadj7vAyzD1UWKBCsfdpe0d9uu2Oz8Lqk1WI	2026-04-04 18:12:17.513225+00	2026-04-05 18:12:17+00	3	00ac6129eda443bb9a95008406710fc6
223	eyJhbGciOiJIUzI1NiIsInR5cCI6IkpXVCJ9.eyJ0b2tlbl90eXBlIjoicmVmcmVzaCIsImV4cCI6MTc3NTQxMzI0OSwiaWF0IjoxNzc1MzI2ODQ5LCJqdGkiOiJlOTE0ZWJkNmE1ODM0MjBhYjc5ZDcxNGZjOGI3NzA5ZCIsInVzZXJfaWQiOiIzIn0.47SxEFdzfvQWr4Vptf1ntFuLZXdjm-PfxnKoJnWMKSk	2026-04-04 18:20:49.34122+00	2026-04-05 18:20:49+00	3	e914ebd6a583420ab79d714fc8b7709d
224	eyJhbGciOiJIUzI1NiIsInR5cCI6IkpXVCJ9.eyJ0b2tlbl90eXBlIjoicmVmcmVzaCIsImV4cCI6MTc3NTQxMzI0OSwiaWF0IjoxNzc1MzI2ODQ5LCJqdGkiOiJhZDAxMjQ5MmY5NzM0NmQwOTQ4YmE2ZGQ4ZTBiMjM2NiIsInVzZXJfaWQiOiIzIn0.HkxJtwjl6FP7bWvRLA-CeGwMZkwwn-G59mtrLoXnpJA	2026-04-04 18:20:49.349834+00	2026-04-05 18:20:49+00	3	ad012492f97346d0948ba6dd8e0b2366
225	eyJhbGciOiJIUzI1NiIsInR5cCI6IkpXVCJ9.eyJ0b2tlbl90eXBlIjoicmVmcmVzaCIsImV4cCI6MTc3NTQxMzMxMSwiaWF0IjoxNzc1MzI2OTExLCJqdGkiOiJhNjk5ZDllNTRjY2Q0MTY1YTA1NTI5ODc0OTdkNTdlZSIsInVzZXJfaWQiOiIzIn0.nRxnaIi1TaNk-e7mD-tMfvVYPOH3iu6i4L6X2WGAzd4	2026-04-04 18:21:51.200503+00	2026-04-05 18:21:51+00	3	a699d9e54ccd4165a0552987497d57ee
226	eyJhbGciOiJIUzI1NiIsInR5cCI6IkpXVCJ9.eyJ0b2tlbl90eXBlIjoicmVmcmVzaCIsImV4cCI6MTc3NTQxMzMxMSwiaWF0IjoxNzc1MzI2OTExLCJqdGkiOiJiMzkwNDMxYzkxYWY0ZmE4YjI0NDUzMThkMzQ2NTY5MSIsInVzZXJfaWQiOiIzIn0.cxHpfBzhimSJMmMJK6HJwG4Dz43Q7pB77tMCTN0mtrY	2026-04-04 18:21:51.204737+00	2026-04-05 18:21:51+00	3	b390431c91af4fa8b2445318d3465691
227	eyJhbGciOiJIUzI1NiIsInR5cCI6IkpXVCJ9.eyJ0b2tlbl90eXBlIjoicmVmcmVzaCIsImV4cCI6MTc3NTUwNzcyNSwiaWF0IjoxNzc1NDIxMzI1LCJqdGkiOiIwMGNjODhhYjQ3MzE0ZDZjOTRhYmVlYjE4ODg0MDQyZiIsInVzZXJfaWQiOiIzIn0.5mppNOq9xpAXqtu5jv5ATcyg9qTlW6_VR0R-hbiZ6RU	2026-04-05 20:35:25.379871+00	2026-04-06 20:35:25+00	3	00cc88ab47314d6c94abeeb18884042f
228	eyJhbGciOiJIUzI1NiIsInR5cCI6IkpXVCJ9.eyJ0b2tlbl90eXBlIjoicmVmcmVzaCIsImV4cCI6MTc3NTUwNzg2MSwiaWF0IjoxNzc1NDIxNDYxLCJqdGkiOiI4ZWVmZmMyYWU3NTU0MDZhYWJhYmIzZTNkYjZlZDYzZSIsInVzZXJfaWQiOiIzIn0.Kzth3UnpxgqqIgelNPCySXAGnib-HGzvVGPNDm9LKvM	2026-04-05 20:37:41.064357+00	2026-04-06 20:37:41+00	3	8eeffc2ae755406aababb3e3db6ed63e
229	eyJhbGciOiJIUzI1NiIsInR5cCI6IkpXVCJ9.eyJ0b2tlbl90eXBlIjoicmVmcmVzaCIsImV4cCI6MTc3NTUwNzg2MSwiaWF0IjoxNzc1NDIxNDYxLCJqdGkiOiI1ZGUwNzljMTkwNmU0ZDk2OTc1OTYzZWE3OGYxZWEzZCIsInVzZXJfaWQiOiIzIn0.4I114X6529dtBnYx38mZeqf3djBpcGNaP7r0wxgs-PQ	2026-04-05 20:37:41.078013+00	2026-04-06 20:37:41+00	3	5de079c1906e4d96975963ea78f1ea3d
230	eyJhbGciOiJIUzI1NiIsInR5cCI6IkpXVCJ9.eyJ0b2tlbl90eXBlIjoicmVmcmVzaCIsImV4cCI6MTc3NTUwNzkyMSwiaWF0IjoxNzc1NDIxNTIxLCJqdGkiOiIwZmVjYTQxNDA4ODA0NDUwYjRiNDEwYTFmM2EwNjJmYSIsInVzZXJfaWQiOiIzIn0.wLvrSBAtSAOAsR-27FxFlQKuWA_ujvGUSBqu0JS9ykA	2026-04-05 20:38:41.722776+00	2026-04-06 20:38:41+00	3	0feca41408804450b4b410a1f3a062fa
231	eyJhbGciOiJIUzI1NiIsInR5cCI6IkpXVCJ9.eyJ0b2tlbl90eXBlIjoicmVmcmVzaCIsImV4cCI6MTc3NTUwNzkyMSwiaWF0IjoxNzc1NDIxNTIxLCJqdGkiOiJjZGEwZWEyZDhlNTQ0YjFhYTQyMjY2ZWI1N2Y5ODZhOSIsInVzZXJfaWQiOiIzIn0.pAsMUs8zNaeHccPMVbpHJrBbbpIMx6xti-Bd_5zAnDs	2026-04-05 20:38:41.731579+00	2026-04-06 20:38:41+00	3	cda0ea2d8e544b1aa42266eb57f986a9
232	eyJhbGciOiJIUzI1NiIsInR5cCI6IkpXVCJ9.eyJ0b2tlbl90eXBlIjoicmVmcmVzaCIsImV4cCI6MTc3NTUwNzk5MCwiaWF0IjoxNzc1NDIxNTkwLCJqdGkiOiI4YmJiY2VjNmNhMDE0MTlmOGQ2ZmMzOGM0OGE0YjRmMiIsInVzZXJfaWQiOiIzIn0.mPHbXdVB6-uWj2a2Fdjw9tIMeTvtPRg5sOSWfMDfad8	2026-04-05 20:39:50.967349+00	2026-04-06 20:39:50+00	3	8bbbcec6ca01419f8d6fc38c48a4b4f2
233	eyJhbGciOiJIUzI1NiIsInR5cCI6IkpXVCJ9.eyJ0b2tlbl90eXBlIjoicmVmcmVzaCIsImV4cCI6MTc3NTUwODAxNSwiaWF0IjoxNzc1NDIxNjE1LCJqdGkiOiIyZmQzZTVlNGY0NzI0NjQ4OGM2NDZmN2FjZGZkNzA4MyIsInVzZXJfaWQiOiIzIn0.7Yu53Faair8Y1dnRmQ3LeqLUu6KvzeIWCQsYvzPp8mY	2026-04-05 20:40:15.554396+00	2026-04-06 20:40:15+00	3	2fd3e5e4f47246488c646f7acdfd7083
234	eyJhbGciOiJIUzI1NiIsInR5cCI6IkpXVCJ9.eyJ0b2tlbl90eXBlIjoicmVmcmVzaCIsImV4cCI6MTc3NTUwODA4NiwiaWF0IjoxNzc1NDIxNjg2LCJqdGkiOiJmNjg4MGM4ODhjNTE0ZjFhYTM5NDE2NDFlMGMwZTg4MCIsInVzZXJfaWQiOiIzIn0.Rnj2qHlfQob2VZDN5O79uQBpqChCYLqe6k9UCPm4EJ0	2026-04-05 20:41:26.714841+00	2026-04-06 20:41:26+00	3	f6880c888c514f1aa3941641e0c0e880
235	eyJhbGciOiJIUzI1NiIsInR5cCI6IkpXVCJ9.eyJ0b2tlbl90eXBlIjoicmVmcmVzaCIsImV4cCI6MTc3NTUwODA4NiwiaWF0IjoxNzc1NDIxNjg2LCJqdGkiOiIxMThhNjM0ZWE4OWU0YmQ4YmU1OTkyYjk0MjA1Yzg3YSIsInVzZXJfaWQiOiIzIn0.ShsfMZGK0sgbdffYG-N41pPU1zUVr3VQfB6UZby99kA	2026-04-05 20:41:26.731725+00	2026-04-06 20:41:26+00	3	118a634ea89e4bd8be5992b94205c87a
236	eyJhbGciOiJIUzI1NiIsInR5cCI6IkpXVCJ9.eyJ0b2tlbl90eXBlIjoicmVmcmVzaCIsImV4cCI6MTc3NTUwODI3OCwiaWF0IjoxNzc1NDIxODc4LCJqdGkiOiI2YTQ0NzkyZTI4MDA0OTc2OWM0OGFlMTFlNmI2OGQxZCIsInVzZXJfaWQiOiIzIn0.Q_tLAedpV5O02XCy3UM5K_GQCl_A8_5nhPL2eig4Y20	2026-04-05 20:44:38.785297+00	2026-04-06 20:44:38+00	3	6a44792e280049769c48ae11e6b68d1d
237	eyJhbGciOiJIUzI1NiIsInR5cCI6IkpXVCJ9.eyJ0b2tlbl90eXBlIjoicmVmcmVzaCIsImV4cCI6MTc3NTUwODI3OCwiaWF0IjoxNzc1NDIxODc4LCJqdGkiOiJkMGIyYWNmYWE1MmY0Yzg2YTQ5NGQ4NTE0NDcyOTBhZSIsInVzZXJfaWQiOiIzIn0.Zcl_DEKUDoiMTKsNRocv444JeW6wdnjZismRAQ5nZhA	2026-04-05 20:44:38.801932+00	2026-04-06 20:44:38+00	3	d0b2acfaa52f4c86a494d851447290ae
238	eyJhbGciOiJIUzI1NiIsInR5cCI6IkpXVCJ9.eyJ0b2tlbl90eXBlIjoicmVmcmVzaCIsImV4cCI6MTc3NTUxNDAwMywiaWF0IjoxNzc1NDI3NjAzLCJqdGkiOiI2M2FlMjQyZDVhMWY0MzcwOTczMmIxODdhMDVhZmJjYyIsInVzZXJfaWQiOiIzIn0.zFrio2KnKWAEoOa1Dlcwu3jZvxXOolaKKM8Xeljz9QA	2026-04-05 22:20:03.800589+00	2026-04-06 22:20:03+00	3	63ae242d5a1f43709732b187a05afbcc
239	eyJhbGciOiJIUzI1NiIsInR5cCI6IkpXVCJ9.eyJ0b2tlbl90eXBlIjoicmVmcmVzaCIsImV4cCI6MTc3NTUxNTQ3MSwiaWF0IjoxNzc1NDI5MDcxLCJqdGkiOiI3YmFmNDZiZjVmMjY0MDhiYTY5YTg2YjY5Y2I1MDRhZCIsInVzZXJfaWQiOiIzIn0.aYggJqmLVi9UOOY4u6b5vskHc0U0wIjAL17THGAzi7Y	2026-04-05 22:44:31.555101+00	2026-04-06 22:44:31+00	3	7baf46bf5f26408ba69a86b69cb504ad
240	eyJhbGciOiJIUzI1NiIsInR5cCI6IkpXVCJ9.eyJ0b2tlbl90eXBlIjoicmVmcmVzaCIsImV4cCI6MTc3NTUxNTc3NSwiaWF0IjoxNzc1NDI5Mzc1LCJqdGkiOiJmMThjNTY1MDQ4M2Q0ZWU1OWU3NzFmZTc5M2M0MjI1NSIsInVzZXJfaWQiOiIzIn0.ND7I2RN0fS9OrhHt0T1iyF4-rLFpvAxNvbWzxlMfEUw	2026-04-05 22:49:35.488007+00	2026-04-06 22:49:35+00	3	f18c5650483d4ee59e771fe793c42255
241	eyJhbGciOiJIUzI1NiIsInR5cCI6IkpXVCJ9.eyJ0b2tlbl90eXBlIjoicmVmcmVzaCIsImV4cCI6MTc3NTUxNTg2NSwiaWF0IjoxNzc1NDI5NDY1LCJqdGkiOiI4ZWJmY2JlYjFkOTE0OGZhOTE2ZjM3OTU3ODBmZjUyMSIsInVzZXJfaWQiOiIzIn0.Q91htb_aOdhv7PtlAxLxAdntC8IUFCct0YI36e39lIk	2026-04-05 22:51:05.395513+00	2026-04-06 22:51:05+00	3	8ebfcbeb1d9148fa916f3795780ff521
242	eyJhbGciOiJIUzI1NiIsInR5cCI6IkpXVCJ9.eyJ0b2tlbl90eXBlIjoicmVmcmVzaCIsImV4cCI6MTc3NTUxNTg2NSwiaWF0IjoxNzc1NDI5NDY1LCJqdGkiOiJmMDc3MzgxN2I4ZDA0MGY0OGZhNzM2NDc5Y2EyODMzZSIsInVzZXJfaWQiOiIzIn0.trY6tBKNJC6CwdIgiVhe3I1QE_uvn7PNmLxIWQ4ZAI4	2026-04-05 22:51:05.419082+00	2026-04-06 22:51:05+00	3	f0773817b8d040f48fa736479ca2833e
243	eyJhbGciOiJIUzI1NiIsInR5cCI6IkpXVCJ9.eyJ0b2tlbl90eXBlIjoicmVmcmVzaCIsImV4cCI6MTc3NTUxNTg2NSwiaWF0IjoxNzc1NDI5NDY1LCJqdGkiOiI5ZGYwMDhiMWY0NmQ0NGU0YjBmZTNiYzBiMDQ0NGNkZCIsInVzZXJfaWQiOiIzIn0.m9um8_PmkFQB8ty3YDK6832prU3bXxKJIXKdEkMTQNo	2026-04-05 22:51:05.827342+00	2026-04-06 22:51:05+00	3	9df008b1f46d44e4b0fe3bc0b0444cdd
\.


--
-- Data for Name: users_profilepicture; Type: TABLE DATA; Schema: public; Owner: root
--

COPY public.users_profilepicture (id, image_uri, user_id) FROM stdin;
1	profiles/user-3-github_profile_picture.jpg	3
2	profiles/user-4-employees.jpg	4
3	profiles/user-6-lambo.jpg	6
\.


--
-- Data for Name: users_user; Type: TABLE DATA; Schema: public; Owner: root
--

COPY public.users_user (id, password, last_login, is_superuser, first_name, last_name, is_staff, date_joined, email, role, is_active) FROM stdin;
1	pbkdf2_sha256$1200000$KlPmS0z1syxrlx0RA6Vi5s$JFR3MmVO103vfGzFuPpJH/3mtbo/7JuWTioIBX61b50=	\N	t	John	Doe	t	2026-03-12 04:49:31.739039+00	admin@gmail.com	ADMIN	t
2	pbkdf2_sha256$1200000$azzoNvSWGUmBXd0XUEXlk4$Uda6ATCiONJzySIMxWN0KzQk5J4kArKNjnjerYCWqZ4=	\N	f	Jane	Doe	f	2026-03-12 04:50:03.961121+00	lib@gmail.com	LIB	t
3	pbkdf2_sha256$1200000$H6QgHG0ArC8qGTNTLQ7a7L$UiVWXFX51arI3FV7wOOweFpzwLqjh6UCxgw6DOWYGdc=	\N	f	Leonardo	Lara	f	2026-03-12 18:37:32.101844+00	llara@gmail.com	USER	t
4	pbkdf2_sha256$1200000$IbVGiaoLuKtLL5ZengbOg9$rJMdI8fObRmRmS3pOluu57z1EdV1UHkw4mxhrmRvh+4=	\N	f	David	Vázquez	f	2026-03-12 21:21:02.511646+00	david@gmail.com	LIB	t
5	pbkdf2_sha256$1200000$1irnHzA7HGDaZuUXvyFHwD$1Nm+PKjtRAbUDg1tB1edTNE3QwfNtWJWDVCCYOffrQs=	\N	f	David	adame	f	2026-03-12 21:23:26.598278+00	davidsito@gmail.com	USER	t
6	pbkdf2_sha256$1200000$z27HWoQYpRPFmAm84QWSlJ$n9OXRVmyPhgLe/dyfE6SZcbaxhBznK4ORTayO57QStI=	\N	f	Pedro	Pérez	f	2026-03-13 01:20:10.684974+00	bib@gmail.com	LIB	t
7	pbkdf2_sha256$1200000$L4Y8EM7AuCXlkZwaQdjrtu$NtFsdVxpyXHvVSOuQqsQ/r2wimCLLUrHHElLUXlwB/o=	\N	f	Miguel	Marquez	f	2026-03-13 01:27:32.319372+00	usuario@gmail.com	USER	t
\.


--
-- Data for Name: users_user_groups; Type: TABLE DATA; Schema: public; Owner: root
--

COPY public.users_user_groups (id, user_id, group_id) FROM stdin;
\.


--
-- Data for Name: users_user_user_permissions; Type: TABLE DATA; Schema: public; Owner: root
--

COPY public.users_user_user_permissions (id, user_id, permission_id) FROM stdin;
\.


--
-- Name: auth_group_id_seq; Type: SEQUENCE SET; Schema: public; Owner: root
--

SELECT pg_catalog.setval('public.auth_group_id_seq', 1, false);


--
-- Name: auth_group_permissions_id_seq; Type: SEQUENCE SET; Schema: public; Owner: root
--

SELECT pg_catalog.setval('public.auth_group_permissions_id_seq', 1, false);


--
-- Name: auth_permission_id_seq; Type: SEQUENCE SET; Schema: public; Owner: root
--

SELECT pg_catalog.setval('public.auth_permission_id_seq', 48, true);


--
-- Name: borrowing_booklicense_id_seq; Type: SEQUENCE SET; Schema: public; Owner: root
--

SELECT pg_catalog.setval('public.borrowing_booklicense_id_seq', 12, true);


--
-- Name: borrowing_borrowedbooks_id_seq; Type: SEQUENCE SET; Schema: public; Owner: root
--

SELECT pg_catalog.setval('public.borrowing_borrowedbooks_id_seq', 1, false);


--
-- Name: borrowing_favoritebook_id_seq; Type: SEQUENCE SET; Schema: public; Owner: root
--

SELECT pg_catalog.setval('public.borrowing_favoritebook_id_seq', 33, true);


--
-- Name: django_content_type_id_seq; Type: SEQUENCE SET; Schema: public; Owner: root
--

SELECT pg_catalog.setval('public.django_content_type_id_seq', 12, true);


--
-- Name: django_migrations_id_seq; Type: SEQUENCE SET; Schema: public; Owner: root
--

SELECT pg_catalog.setval('public.django_migrations_id_seq', 30, true);


--
-- Name: token_blacklist_blacklistedtoken_id_seq; Type: SEQUENCE SET; Schema: public; Owner: root
--

SELECT pg_catalog.setval('public.token_blacklist_blacklistedtoken_id_seq', 193, true);


--
-- Name: token_blacklist_outstandingtoken_id_seq; Type: SEQUENCE SET; Schema: public; Owner: root
--

SELECT pg_catalog.setval('public.token_blacklist_outstandingtoken_id_seq', 243, true);


--
-- Name: users_profilepicture_id_seq; Type: SEQUENCE SET; Schema: public; Owner: root
--

SELECT pg_catalog.setval('public.users_profilepicture_id_seq', 3, true);


--
-- Name: users_user_groups_id_seq; Type: SEQUENCE SET; Schema: public; Owner: root
--

SELECT pg_catalog.setval('public.users_user_groups_id_seq', 1, false);


--
-- Name: users_user_id_seq; Type: SEQUENCE SET; Schema: public; Owner: root
--

SELECT pg_catalog.setval('public.users_user_id_seq', 7, true);


--
-- Name: users_user_user_permissions_id_seq; Type: SEQUENCE SET; Schema: public; Owner: root
--

SELECT pg_catalog.setval('public.users_user_user_permissions_id_seq', 1, false);


--
-- Name: auth_group auth_group_name_key; Type: CONSTRAINT; Schema: public; Owner: root
--

ALTER TABLE ONLY public.auth_group
    ADD CONSTRAINT auth_group_name_key UNIQUE (name);


--
-- Name: auth_group_permissions auth_group_permissions_group_id_permission_id_0cd325b0_uniq; Type: CONSTRAINT; Schema: public; Owner: root
--

ALTER TABLE ONLY public.auth_group_permissions
    ADD CONSTRAINT auth_group_permissions_group_id_permission_id_0cd325b0_uniq UNIQUE (group_id, permission_id);


--
-- Name: auth_group_permissions auth_group_permissions_pkey; Type: CONSTRAINT; Schema: public; Owner: root
--

ALTER TABLE ONLY public.auth_group_permissions
    ADD CONSTRAINT auth_group_permissions_pkey PRIMARY KEY (id);


--
-- Name: auth_group auth_group_pkey; Type: CONSTRAINT; Schema: public; Owner: root
--

ALTER TABLE ONLY public.auth_group
    ADD CONSTRAINT auth_group_pkey PRIMARY KEY (id);


--
-- Name: auth_permission auth_permission_content_type_id_codename_01ab375a_uniq; Type: CONSTRAINT; Schema: public; Owner: root
--

ALTER TABLE ONLY public.auth_permission
    ADD CONSTRAINT auth_permission_content_type_id_codename_01ab375a_uniq UNIQUE (content_type_id, codename);


--
-- Name: auth_permission auth_permission_pkey; Type: CONSTRAINT; Schema: public; Owner: root
--

ALTER TABLE ONLY public.auth_permission
    ADD CONSTRAINT auth_permission_pkey PRIMARY KEY (id);


--
-- Name: borrowing_booklicense borrowing_booklicense_isbn_key; Type: CONSTRAINT; Schema: public; Owner: root
--

ALTER TABLE ONLY public.borrowing_booklicense
    ADD CONSTRAINT borrowing_booklicense_isbn_key UNIQUE (isbn);


--
-- Name: borrowing_booklicense borrowing_booklicense_pkey; Type: CONSTRAINT; Schema: public; Owner: root
--

ALTER TABLE ONLY public.borrowing_booklicense
    ADD CONSTRAINT borrowing_booklicense_pkey PRIMARY KEY (id);


--
-- Name: borrowing_borrowedbooks borrowing_borrowedbooks_pkey; Type: CONSTRAINT; Schema: public; Owner: root
--

ALTER TABLE ONLY public.borrowing_borrowedbooks
    ADD CONSTRAINT borrowing_borrowedbooks_pkey PRIMARY KEY (id);


--
-- Name: borrowing_favoritebook borrowing_favoritebook_pkey; Type: CONSTRAINT; Schema: public; Owner: root
--

ALTER TABLE ONLY public.borrowing_favoritebook
    ADD CONSTRAINT borrowing_favoritebook_pkey PRIMARY KEY (id);


--
-- Name: django_content_type django_content_type_app_label_model_76bd3d3b_uniq; Type: CONSTRAINT; Schema: public; Owner: root
--

ALTER TABLE ONLY public.django_content_type
    ADD CONSTRAINT django_content_type_app_label_model_76bd3d3b_uniq UNIQUE (app_label, model);


--
-- Name: django_content_type django_content_type_pkey; Type: CONSTRAINT; Schema: public; Owner: root
--

ALTER TABLE ONLY public.django_content_type
    ADD CONSTRAINT django_content_type_pkey PRIMARY KEY (id);


--
-- Name: django_migrations django_migrations_pkey; Type: CONSTRAINT; Schema: public; Owner: root
--

ALTER TABLE ONLY public.django_migrations
    ADD CONSTRAINT django_migrations_pkey PRIMARY KEY (id);


--
-- Name: django_session django_session_pkey; Type: CONSTRAINT; Schema: public; Owner: root
--

ALTER TABLE ONLY public.django_session
    ADD CONSTRAINT django_session_pkey PRIMARY KEY (session_key);


--
-- Name: token_blacklist_blacklistedtoken token_blacklist_blacklistedtoken_pkey; Type: CONSTRAINT; Schema: public; Owner: root
--

ALTER TABLE ONLY public.token_blacklist_blacklistedtoken
    ADD CONSTRAINT token_blacklist_blacklistedtoken_pkey PRIMARY KEY (id);


--
-- Name: token_blacklist_blacklistedtoken token_blacklist_blacklistedtoken_token_id_key; Type: CONSTRAINT; Schema: public; Owner: root
--

ALTER TABLE ONLY public.token_blacklist_blacklistedtoken
    ADD CONSTRAINT token_blacklist_blacklistedtoken_token_id_key UNIQUE (token_id);


--
-- Name: token_blacklist_outstandingtoken token_blacklist_outstandingtoken_jti_hex_d9bdf6f7_uniq; Type: CONSTRAINT; Schema: public; Owner: root
--

ALTER TABLE ONLY public.token_blacklist_outstandingtoken
    ADD CONSTRAINT token_blacklist_outstandingtoken_jti_hex_d9bdf6f7_uniq UNIQUE (jti);


--
-- Name: token_blacklist_outstandingtoken token_blacklist_outstandingtoken_pkey; Type: CONSTRAINT; Schema: public; Owner: root
--

ALTER TABLE ONLY public.token_blacklist_outstandingtoken
    ADD CONSTRAINT token_blacklist_outstandingtoken_pkey PRIMARY KEY (id);


--
-- Name: borrowing_favoritebook unique_user_favorite; Type: CONSTRAINT; Schema: public; Owner: root
--

ALTER TABLE ONLY public.borrowing_favoritebook
    ADD CONSTRAINT unique_user_favorite UNIQUE (user_id, isbn);


--
-- Name: users_profilepicture users_profilepicture_pkey; Type: CONSTRAINT; Schema: public; Owner: root
--

ALTER TABLE ONLY public.users_profilepicture
    ADD CONSTRAINT users_profilepicture_pkey PRIMARY KEY (id);


--
-- Name: users_profilepicture users_profilepicture_user_id_key; Type: CONSTRAINT; Schema: public; Owner: root
--

ALTER TABLE ONLY public.users_profilepicture
    ADD CONSTRAINT users_profilepicture_user_id_key UNIQUE (user_id);


--
-- Name: users_user users_user_email_key; Type: CONSTRAINT; Schema: public; Owner: root
--

ALTER TABLE ONLY public.users_user
    ADD CONSTRAINT users_user_email_key UNIQUE (email);


--
-- Name: users_user_groups users_user_groups_pkey; Type: CONSTRAINT; Schema: public; Owner: root
--

ALTER TABLE ONLY public.users_user_groups
    ADD CONSTRAINT users_user_groups_pkey PRIMARY KEY (id);


--
-- Name: users_user_groups users_user_groups_user_id_group_id_b88eab82_uniq; Type: CONSTRAINT; Schema: public; Owner: root
--

ALTER TABLE ONLY public.users_user_groups
    ADD CONSTRAINT users_user_groups_user_id_group_id_b88eab82_uniq UNIQUE (user_id, group_id);


--
-- Name: users_user users_user_pkey; Type: CONSTRAINT; Schema: public; Owner: root
--

ALTER TABLE ONLY public.users_user
    ADD CONSTRAINT users_user_pkey PRIMARY KEY (id);


--
-- Name: users_user_user_permissions users_user_user_permissions_pkey; Type: CONSTRAINT; Schema: public; Owner: root
--

ALTER TABLE ONLY public.users_user_user_permissions
    ADD CONSTRAINT users_user_user_permissions_pkey PRIMARY KEY (id);


--
-- Name: users_user_user_permissions users_user_user_permissions_user_id_permission_id_43338c45_uniq; Type: CONSTRAINT; Schema: public; Owner: root
--

ALTER TABLE ONLY public.users_user_user_permissions
    ADD CONSTRAINT users_user_user_permissions_user_id_permission_id_43338c45_uniq UNIQUE (user_id, permission_id);


--
-- Name: auth_group_name_a6ea08ec_like; Type: INDEX; Schema: public; Owner: root
--

CREATE INDEX auth_group_name_a6ea08ec_like ON public.auth_group USING btree (name varchar_pattern_ops);


--
-- Name: auth_group_permissions_group_id_b120cbf9; Type: INDEX; Schema: public; Owner: root
--

CREATE INDEX auth_group_permissions_group_id_b120cbf9 ON public.auth_group_permissions USING btree (group_id);


--
-- Name: auth_group_permissions_permission_id_84c5c92e; Type: INDEX; Schema: public; Owner: root
--

CREATE INDEX auth_group_permissions_permission_id_84c5c92e ON public.auth_group_permissions USING btree (permission_id);


--
-- Name: auth_permission_content_type_id_2f476e4b; Type: INDEX; Schema: public; Owner: root
--

CREATE INDEX auth_permission_content_type_id_2f476e4b ON public.auth_permission USING btree (content_type_id);


--
-- Name: borrowing_booklicense_isbn_715cf36f_like; Type: INDEX; Schema: public; Owner: root
--

CREATE INDEX borrowing_booklicense_isbn_715cf36f_like ON public.borrowing_booklicense USING btree (isbn varchar_pattern_ops);


--
-- Name: borrowing_borrowedbooks_book_license_id_61791b41; Type: INDEX; Schema: public; Owner: root
--

CREATE INDEX borrowing_borrowedbooks_book_license_id_61791b41 ON public.borrowing_borrowedbooks USING btree (book_license_id);


--
-- Name: borrowing_borrowedbooks_book_license_id_61791b41_like; Type: INDEX; Schema: public; Owner: root
--

CREATE INDEX borrowing_borrowedbooks_book_license_id_61791b41_like ON public.borrowing_borrowedbooks USING btree (book_license_id varchar_pattern_ops);


--
-- Name: borrowing_borrowedbooks_user_id_ce720554; Type: INDEX; Schema: public; Owner: root
--

CREATE INDEX borrowing_borrowedbooks_user_id_ce720554 ON public.borrowing_borrowedbooks USING btree (user_id);


--
-- Name: borrowing_favoritebook_user_id_b02effb5; Type: INDEX; Schema: public; Owner: root
--

CREATE INDEX borrowing_favoritebook_user_id_b02effb5 ON public.borrowing_favoritebook USING btree (user_id);


--
-- Name: django_session_expire_date_a5c62663; Type: INDEX; Schema: public; Owner: root
--

CREATE INDEX django_session_expire_date_a5c62663 ON public.django_session USING btree (expire_date);


--
-- Name: django_session_session_key_c0390e0f_like; Type: INDEX; Schema: public; Owner: root
--

CREATE INDEX django_session_session_key_c0390e0f_like ON public.django_session USING btree (session_key varchar_pattern_ops);


--
-- Name: token_blacklist_outstandingtoken_jti_hex_d9bdf6f7_like; Type: INDEX; Schema: public; Owner: root
--

CREATE INDEX token_blacklist_outstandingtoken_jti_hex_d9bdf6f7_like ON public.token_blacklist_outstandingtoken USING btree (jti varchar_pattern_ops);


--
-- Name: token_blacklist_outstandingtoken_user_id_83bc629a; Type: INDEX; Schema: public; Owner: root
--

CREATE INDEX token_blacklist_outstandingtoken_user_id_83bc629a ON public.token_blacklist_outstandingtoken USING btree (user_id);


--
-- Name: unique_active_borrow; Type: INDEX; Schema: public; Owner: root
--

CREATE UNIQUE INDEX unique_active_borrow ON public.borrowing_borrowedbooks USING btree (user_id, book_license_id) WHERE ((status)::text = 'active'::text);


--
-- Name: users_user_email_243f6e77_like; Type: INDEX; Schema: public; Owner: root
--

CREATE INDEX users_user_email_243f6e77_like ON public.users_user USING btree (email varchar_pattern_ops);


--
-- Name: users_user_groups_group_id_9afc8d0e; Type: INDEX; Schema: public; Owner: root
--

CREATE INDEX users_user_groups_group_id_9afc8d0e ON public.users_user_groups USING btree (group_id);


--
-- Name: users_user_groups_user_id_5f6f5a90; Type: INDEX; Schema: public; Owner: root
--

CREATE INDEX users_user_groups_user_id_5f6f5a90 ON public.users_user_groups USING btree (user_id);


--
-- Name: users_user_user_permissions_permission_id_0b93982e; Type: INDEX; Schema: public; Owner: root
--

CREATE INDEX users_user_user_permissions_permission_id_0b93982e ON public.users_user_user_permissions USING btree (permission_id);


--
-- Name: users_user_user_permissions_user_id_20aca447; Type: INDEX; Schema: public; Owner: root
--

CREATE INDEX users_user_user_permissions_user_id_20aca447 ON public.users_user_user_permissions USING btree (user_id);


--
-- Name: auth_group_permissions auth_group_permissio_permission_id_84c5c92e_fk_auth_perm; Type: FK CONSTRAINT; Schema: public; Owner: root
--

ALTER TABLE ONLY public.auth_group_permissions
    ADD CONSTRAINT auth_group_permissio_permission_id_84c5c92e_fk_auth_perm FOREIGN KEY (permission_id) REFERENCES public.auth_permission(id) DEFERRABLE INITIALLY DEFERRED;


--
-- Name: auth_group_permissions auth_group_permissions_group_id_b120cbf9_fk_auth_group_id; Type: FK CONSTRAINT; Schema: public; Owner: root
--

ALTER TABLE ONLY public.auth_group_permissions
    ADD CONSTRAINT auth_group_permissions_group_id_b120cbf9_fk_auth_group_id FOREIGN KEY (group_id) REFERENCES public.auth_group(id) DEFERRABLE INITIALLY DEFERRED;


--
-- Name: auth_permission auth_permission_content_type_id_2f476e4b_fk_django_co; Type: FK CONSTRAINT; Schema: public; Owner: root
--

ALTER TABLE ONLY public.auth_permission
    ADD CONSTRAINT auth_permission_content_type_id_2f476e4b_fk_django_co FOREIGN KEY (content_type_id) REFERENCES public.django_content_type(id) DEFERRABLE INITIALLY DEFERRED;


--
-- Name: borrowing_borrowedbooks borrowing_borrowedbo_book_license_id_61791b41_fk_borrowing; Type: FK CONSTRAINT; Schema: public; Owner: root
--

ALTER TABLE ONLY public.borrowing_borrowedbooks
    ADD CONSTRAINT borrowing_borrowedbo_book_license_id_61791b41_fk_borrowing FOREIGN KEY (book_license_id) REFERENCES public.borrowing_booklicense(isbn) DEFERRABLE INITIALLY DEFERRED;


--
-- Name: borrowing_borrowedbooks borrowing_borrowedbooks_user_id_ce720554_fk_users_user_id; Type: FK CONSTRAINT; Schema: public; Owner: root
--

ALTER TABLE ONLY public.borrowing_borrowedbooks
    ADD CONSTRAINT borrowing_borrowedbooks_user_id_ce720554_fk_users_user_id FOREIGN KEY (user_id) REFERENCES public.users_user(id) DEFERRABLE INITIALLY DEFERRED;


--
-- Name: borrowing_favoritebook borrowing_favoritebook_user_id_b02effb5_fk_users_user_id; Type: FK CONSTRAINT; Schema: public; Owner: root
--

ALTER TABLE ONLY public.borrowing_favoritebook
    ADD CONSTRAINT borrowing_favoritebook_user_id_b02effb5_fk_users_user_id FOREIGN KEY (user_id) REFERENCES public.users_user(id) DEFERRABLE INITIALLY DEFERRED;


--
-- Name: token_blacklist_blacklistedtoken token_blacklist_blacklistedtoken_token_id_3cc7fe56_fk; Type: FK CONSTRAINT; Schema: public; Owner: root
--

ALTER TABLE ONLY public.token_blacklist_blacklistedtoken
    ADD CONSTRAINT token_blacklist_blacklistedtoken_token_id_3cc7fe56_fk FOREIGN KEY (token_id) REFERENCES public.token_blacklist_outstandingtoken(id) DEFERRABLE INITIALLY DEFERRED;


--
-- Name: token_blacklist_outstandingtoken token_blacklist_outs_user_id_83bc629a_fk_users_use; Type: FK CONSTRAINT; Schema: public; Owner: root
--

ALTER TABLE ONLY public.token_blacklist_outstandingtoken
    ADD CONSTRAINT token_blacklist_outs_user_id_83bc629a_fk_users_use FOREIGN KEY (user_id) REFERENCES public.users_user(id) DEFERRABLE INITIALLY DEFERRED;


--
-- Name: users_profilepicture users_profilepicture_user_id_e9c8c82c_fk_users_user_id; Type: FK CONSTRAINT; Schema: public; Owner: root
--

ALTER TABLE ONLY public.users_profilepicture
    ADD CONSTRAINT users_profilepicture_user_id_e9c8c82c_fk_users_user_id FOREIGN KEY (user_id) REFERENCES public.users_user(id) DEFERRABLE INITIALLY DEFERRED;


--
-- Name: users_user_groups users_user_groups_group_id_9afc8d0e_fk_auth_group_id; Type: FK CONSTRAINT; Schema: public; Owner: root
--

ALTER TABLE ONLY public.users_user_groups
    ADD CONSTRAINT users_user_groups_group_id_9afc8d0e_fk_auth_group_id FOREIGN KEY (group_id) REFERENCES public.auth_group(id) DEFERRABLE INITIALLY DEFERRED;


--
-- Name: users_user_groups users_user_groups_user_id_5f6f5a90_fk_users_user_id; Type: FK CONSTRAINT; Schema: public; Owner: root
--

ALTER TABLE ONLY public.users_user_groups
    ADD CONSTRAINT users_user_groups_user_id_5f6f5a90_fk_users_user_id FOREIGN KEY (user_id) REFERENCES public.users_user(id) DEFERRABLE INITIALLY DEFERRED;


--
-- Name: users_user_user_permissions users_user_user_perm_permission_id_0b93982e_fk_auth_perm; Type: FK CONSTRAINT; Schema: public; Owner: root
--

ALTER TABLE ONLY public.users_user_user_permissions
    ADD CONSTRAINT users_user_user_perm_permission_id_0b93982e_fk_auth_perm FOREIGN KEY (permission_id) REFERENCES public.auth_permission(id) DEFERRABLE INITIALLY DEFERRED;


--
-- Name: users_user_user_permissions users_user_user_permissions_user_id_20aca447_fk_users_user_id; Type: FK CONSTRAINT; Schema: public; Owner: root
--

ALTER TABLE ONLY public.users_user_user_permissions
    ADD CONSTRAINT users_user_user_permissions_user_id_20aca447_fk_users_user_id FOREIGN KEY (user_id) REFERENCES public.users_user(id) DEFERRABLE INITIALLY DEFERRED;


--
-- PostgreSQL database dump complete
--

\unrestrict zk4mG7nWo5EOmcUBb7GFE3kJwrfAeeMPAIaGnMaTQUt5iXnEteT4XVpTGH2TkK0

